asset_id,date,open,high,low,close,volume
zs,2021-09-13,1271.75,1272.5,1271.75,1272.5,22
zs,2021-09-14,1283.5,1283.5,1276.5,1276.5,72169
zs,2021-09-15,1283.5,1296.0,1276.0,1294.5,91389
zs,2021-09-16,1296.5,1308.0,1291.25,1296.0,75853
zs,2021-09-17,1295.5,1298.5,1278.25,1284.0,72388
zs,2021-09-20,1285.0,1286.0,1262.0,1262.5,94112
zs,2021-09-21,1263.0,1275.5,1257.5,1274.0,78941
zs,2021-09-22,1274.5,1285.0,1270.25,1282.75,75666
zs,2021-09-23,1282.5,1290.25,1275.75,1284.25,70612
zs,2021-09-24,1283.25,1290.0,1278.25,1285.0,64911
zs,2021-09-27,1284.0,1297.0,1282.0,1287.5,96607
zs,2021-09-28,1286.75,1287.0,1275.0,1277.0,88017
zs,2021-09-29,1276.25,1288.5,1272.75,1283.75,91807
zs,2021-09-30,1282.0,1295.0,1249.0,1256.0,202394
zs,2021-10-01,1255.0,1262.25,1242.0,1246.5,117447
zs,2021-10-04,1242.75,1247.75,1235.0,1235.75,111356
zs,2021-10-05,1234.25,1256.25,1231.0,1250.5,119391
zs,2021-10-06,1250.0,1255.5,1239.25,1242.0,83888
zs,2021-10-07,1242.0,1249.5,1233.5,1247.25,120772
zs,2021-10-08,1246.5,1262.5,1242.0,1243.0,143586
zs,2021-10-11,1240.5,1251.25,1227.0,1228.25,112209
zs,2021-10-12,1226.5,1230.75,1194.75,1198.25,183780
zs,2021-10-13,1198.5,1211.25,1184.5,1195.25,186725
zs,2021-10-14,1196.0,1207.75,1193.5,1206.25,127035
zs,2021-10-15,1205.75,1221.0,1202.0,1217.75,111808
zs,2021-10-18,1218.0,1225.25,1210.0,1221.5,99058
zs,2021-10-19,1220.5,1239.25,1216.25,1228.0,139462
zs,2021-10-20,1227.75,1249.5,1224.75,1245.5,134395
zs,2021-10-21,1243.25,1249.5,1222.0,1224.0,105786
zs,2021-10-22,1224.0,1230.5,1217.0,1220.5,176315
zs,2021-10-25,1218.75,1238.25,1216.0,1237.25,137468
zs,2021-10-26,1236.25,1246.25,1230.0,1238.0,94349
zs,2021-10-27,1237.25,1257.5,1227.0,1239.25,122469
zs,2021-10-28,1238.5,1249.5,1229.5,1233.75,73201
zs,2021-10-29,1230.25,1242.0,1227.75,1235.75,10990
zs,2021-11-01,1236.25,1246.5,1225.0,1236.75,3899
zs,2021-11-02,1236.5,1250.25,1234.75,1244.0,2003
zs,2021-11-03,1242.25,1245.0,1228.5,1231.5,1263
zs,2021-11-04,1230.5,1233.25,1205.5,1209.25,2676
zs,2021-11-05,1210.0,1211.25,1191.0,1192.25,776
zs,2021-11-08,1190.0,1196.0,1177.75,1178.0,596
zs,2021-11-09,1178.0,1213.75,1171.25,1199.5,512
zs,2021-11-10,1200.0,1209.75,1198.5,1203.5,825
zs,2021-11-11,1204.5,1217.0,1200.0,1212.25,336
zs,2021-11-12,1215.0,1237.75,1215.0,1234.0,104151
zs,2021-11-15,1242.25,1259.75,1238.0,1257.25,94353
zs,2021-11-16,1255.75,1261.5,1248.5,1251.25,80591
zs,2021-11-17,1252.0,1289.25,1250.75,1277.0,146987
zs,2021-11-18,1276.5,1287.25,1262.75,1265.25,103205
zs,2021-11-19,1265.5,1277.25,1257.0,1263.25,78709
zs,2021-11-22,1264.25,1279.5,1260.0,1274.25,70634
zs,2021-11-23,1274.25,1279.25,1263.0,1273.0,65548
zs,2021-11-24,1273.75,1281.0,1263.25,1266.5,72906
zs,2021-11-26,1252.0,1254.0,1240.25,1252.75,88520
zs,2021-11-29,1260.75,1268.5,1240.75,1241.5,82284
zs,2021-11-30,1241.5,1244.75,1214.25,1217.25,132640
zs,2021-12-01,1222.0,1237.0,1216.25,1228.25,105476
zs,2021-12-02,1229.75,1249.0,1221.0,1244.25,94962
zs,2021-12-03,1244.5,1270.0,1244.25,1267.25,94245
zs,2021-12-06,1271.75,1274.75,1254.5,1261.5,75260
zs,2021-12-07,1262.25,1268.5,1243.0,1250.25,171655
zs,2021-12-08,1252.25,1264.0,1238.25,1261.0,122041
zs,2021-12-09,1260.25,1267.0,1247.0,1264.5,102868
zs,2021-12-10,1264.25,1276.5,1259.25,1267.75,112572
zs,2021-12-13,1271.0,1271.0,1243.25,1244.0,116561
zs,2021-12-14,1246.0,1267.0,1237.5,1259.5,102492
zs,2021-12-15,1260.0,1266.5,1251.0,1262.5,91939
zs,2021-12-16,1262.0,1280.75,1258.75,1277.25,115189
zs,2021-12-17,1276.25,1297.5,1274.75,1285.25,122742
zs,2021-12-20,1289.5,1296.25,1278.5,1292.25,83928
zs,2021-12-21,1292.0,1313.5,1286.5,1308.0,81517
zs,2021-12-22,1306.0,1333.25,1304.75,1328.75,68991
zs,2021-12-23,1326.0,1334.0,1321.0,1332.0,60005
zs,2021-12-27,1337.5,1363.5,1333.75,1362.5,54478
zs,2021-12-28,1360.5,1375.75,1354.0,1359.25,40328
zs,2021-12-29,1359.5,1364.25,1345.5,1356.5,51167
zs,2021-12-30,1354.75,1358.0,1323.25,1327.75,16224
zs,2021-12-31,1328.5,1337.75,1328.0,1328.75,2572
zs,2022-01-03,1340.25,1357.0,1332.0,1344.0,3434
zs,2022-01-04,1346.0,1380.5,1346.0,1378.75,2450
zs,2022-01-05,1377.75,1387.75,1372.0,1384.25,1101
zs,2022-01-06,1380.0,1382.0,1363.0,1377.25,691
zs,2022-01-07,1373.5,1405.5,1368.0,1401.5,254
zs,2022-01-10,1394.0,1396.0,1374.75,1374.75,73
zs,2022-01-11,1378.0,1382.0,1365.5,1376.75,57
zs,2022-01-12,1373.5,1391.75,1370.0,1391.25,293
zs,2022-01-13,1368.0,1370.0,1359.25,1365.25,415
zs,2022-01-14,1356.75,1356.75,1356.75,1356.75,86045
zs,2022-01-18,1360.0,1368.75,1349.75,1361.25,124254
zs,2022-01-19,1363.5,1392.5,1363.5,1391.25,107595
zs,2022-01-20,1388.25,1429.5,1387.5,1425.75,149817
zs,2022-01-21,1420.0,1426.0,1405.25,1414.25,104361
zs,2022-01-24,1419.5,1423.75,1382.5,1403.0,134866
zs,2022-01-25,1405.0,1413.75,1393.25,1407.25,107870
zs,2022-01-26,1405.75,1443.75,1393.75,1440.0,139954
zs,2022-01-27,1436.0,1456.5,1428.5,1448.25,143879
zs,2022-01-28,1446.5,1479.0,1441.5,1470.0,148673
zs,2022-01-31,1474.0,1496.75,1473.5,1490.5,111725
zs,2022-02-01,1490.0,1539.0,1485.0,1528.5,157814
zs,2022-02-02,1528.0,1564.0,1526.0,1545.25,175949
zs,2022-02-03,1544.0,1560.0,1529.0,1544.25,133829
zs,2022-02-04,1544.5,1560.25,1532.0,1553.5,116119
zs,2022-02-07,1571.0,1589.5,1565.25,1581.75,178009
zs,2022-02-08,1585.0,1586.5,1559.0,1569.0,176069
zs,2022-02-09,1570.5,1599.5,1566.5,1594.75,190630
zs,2022-02-10,1594.75,1633.0,1565.5,1574.25,255540
zs,2022-02-11,1573.0,1594.75,1563.5,1583.0,184659
zs,2022-02-14,1587.0,1599.5,1551.5,1570.0,125494
zs,2022-02-15,1569.25,1577.0,1542.25,1551.25,147743
zs,2022-02-16,1552.25,1589.75,1547.0,1587.5,100187
zs,2022-02-17,1585.25,1606.0,1576.5,1592.0,114032
zs,2022-02-18,1590.5,1608.5,1587.5,1601.5,107148
zs,2022-02-22,1609.0,1641.25,1602.25,1635.0,117091
zs,2022-02-23,1637.5,1679.5,1636.5,1675.0,98545
zs,2022-02-24,1676.25,1765.0,1656.0,1661.5,70087
zs,2022-02-25,1661.5,1678.5,1585.5,1590.25,26189
zs,2022-02-28,1642.5,1660.75,1621.0,1644.25,4729
zs,2022-03-01,1648.25,1709.0,1648.25,1705.5,1432
zs,2022-03-02,1708.0,1708.0,1668.0,1677.5,1342
zs,2022-03-03,1690.25,1707.5,1680.25,1680.25,1585
zs,2022-03-04,1684.0,1700.25,1659.25,1676.25,305
zs,2022-03-07,1696.5,1706.25,1674.25,1674.25,298
zs,2022-03-08,1674.5,1708.0,1674.25,1704.5,243
zs,2022-03-09,1727.75,1745.25,1684.5,1686.5,566
zs,2022-03-10,1687.75,1716.25,1681.25,1700.0,223
zs,2022-03-11,1706.5,1707.25,1680.75,1690.75,333
zs,2022-03-14,1708.0,1710.0,1687.25,1687.25,73458
zs,2022-03-15,1674.0,1674.0,1638.0,1658.75,70449
zs,2022-03-16,1661.0,1681.25,1645.25,1649.25,65232
zs,2022-03-17,1649.25,1677.5,1647.25,1668.5,74317
zs,2022-03-18,1669.75,1689.0,1651.5,1668.0,67110
zs,2022-03-21,1673.0,1710.0,1666.75,1691.0,82394
zs,2022-03-22,1692.75,1720.75,1686.0,1696.5,80750
zs,2022-03-23,1695.5,1736.5,1691.0,1718.75,75495
zs,2022-03-24,1722.25,1730.0,1697.5,1700.75,72414
zs,2022-03-25,1702.0,1714.25,1684.75,1710.25,64501
zs,2022-03-28,1703.0,1710.0,1661.0,1664.25,76627
zs,2022-03-29,1662.5,1673.0,1622.0,1643.0,107185
zs,2022-03-30,1644.0,1683.75,1638.75,1664.0,67718
zs,2022-03-31,1666.75,1680.0,1613.5,1618.25,96368
zs,2022-04-01,1620.75,1628.5,1580.75,1582.75,102861
zs,2022-04-04,1584.0,1606.0,1576.75,1602.25,71525
zs,2022-04-05,1605.0,1635.25,1604.25,1631.0,66277
zs,2022-04-06,1630.0,1643.0,1615.0,1619.5,75082
zs,2022-04-07,1620.0,1652.75,1614.75,1645.5,114549
zs,2022-04-08,1647.75,1689.75,1645.5,1689.0,116406
zs,2022-04-11,1691.0,1697.5,1651.5,1655.25,113893
zs,2022-04-12,1658.75,1682.75,1657.0,1670.25,104828
zs,2022-04-13,1672.25,1681.25,1652.0,1676.0,117939
zs,2022-04-14,1678.5,1692.5,1670.0,1682.25,78738
zs,2022-04-18,1688.75,1720.5,1688.5,1714.75,83054
zs,2022-04-19,1712.0,1730.0,1705.25,1716.5,71593
zs,2022-04-20,1718.0,1750.0,1714.5,1746.75,89812
zs,2022-04-21,1747.5,1752.75,1728.25,1748.25,86056
zs,2022-04-22,1747.5,1757.5,1704.25,1716.0,85149
zs,2022-04-25,1715.0,1723.25,1685.75,1703.5,76951
zs,2022-04-26,1704.25,1726.25,1693.25,1705.25,59609
zs,2022-04-27,1706.0,1735.5,1700.0,1726.5,49610
zs,2022-04-28,1728.25,1734.0,1703.75,1706.5,26981
zs,2022-04-29,1711.0,1727.75,1707.0,1708.25,3083
zs,2022-05-02,1712.25,1712.25,1664.0,1674.0,1445
zs,2022-05-03,1671.5,1688.0,1659.0,1659.0,706
zs,2022-05-04,1659.5,1672.75,1652.5,1669.75,869
zs,2022-05-05,1682.5,1699.5,1674.5,1678.5,843
zs,2022-05-06,1671.0,1674.0,1654.0,1655.5,352
zs,2022-05-09,1652.5,1652.5,1615.25,1621.0,309
zs,2022-05-10,1626.0,1641.5,1623.5,1630.0,395
zs,2022-05-11,1629.0,1658.0,1629.0,1650.25,319
zs,2022-05-12,1641.5,1664.25,1635.5,1660.25,66
zs,2022-05-13,1712.25,1723.25,1712.25,1723.25,83090
zs,2022-05-16,1657.5,1668.0,1650.25,1656.5,63372
zs,2022-05-17,1655.0,1684.25,1645.25,1678.0,76915
zs,2022-05-18,1678.0,1686.75,1657.0,1662.75,86177
zs,2022-05-19,1663.75,1697.0,1660.75,1690.5,102891
zs,2022-05-20,1691.0,1710.75,1683.25,1705.25,90964
zs,2022-05-23,1706.0,1720.0,1685.0,1687.0,87419
zs,2022-05-24,1687.75,1696.75,1673.5,1693.0,78583
zs,2022-05-25,1694.25,1697.75,1665.5,1681.0,82862
zs,2022-05-26,1675.25,1737.0,1667.25,1726.5,144069
zs,2022-05-27,1725.75,1744.25,1718.75,1732.25,93346
zs,2022-05-31,1737.75,1749.25,1673.75,1683.25,147012
zs,2022-06-01,1687.25,1706.5,1675.25,1690.25,104722
zs,2022-06-02,1690.25,1740.75,1681.25,1729.25,111106
zs,2022-06-03,1728.75,1730.5,1694.0,1697.75,86973
zs,2022-06-06,1709.0,1717.75,1690.0,1699.25,82275
zs,2022-06-07,1699.25,1732.75,1692.25,1728.25,147738
zs,2022-06-08,1729.25,1758.0,1726.5,1740.0,138385
zs,2022-06-09,1741.0,1784.0,1728.5,1769.0,172229
zs,2022-06-10,1770.5,1775.5,1742.75,1745.5,140826
zs,2022-06-13,1751.5,1757.0,1702.0,1707.5,125077
zs,2022-06-14,1707.5,1728.25,1697.0,1698.5,100752
zs,2022-06-15,1698.0,1705.0,1682.25,1693.75,101623
zs,2022-06-16,1696.75,1715.5,1690.5,1709.5,70574
zs,2022-06-17,1712.5,1724.5,1700.5,1702.0,84650
zs,2022-06-21,1695.0,1702.0,1675.75,1681.0,100676
zs,2022-06-22,1684.25,1685.0,1647.5,1652.75,102256
zs,2022-06-23,1654.0,1655.5,1590.0,1593.25,128173
zs,2022-06-24,1588.25,1620.5,1583.0,1610.75,92486
zs,2022-06-27,1599.0,1636.25,1593.0,1630.5,69643
zs,2022-06-28,1637.0,1668.25,1633.5,1663.75,59698
zs,2022-06-29,1663.75,1684.25,1653.0,1674.25,35558
zs,2022-06-30,1671.0,1702.75,1653.75,1675.0,6466
zs,2022-07-01,1675.0,1683.25,1622.0,1626.0,5313
zs,2022-07-05,1620.0,1624.25,1572.0,1575.25,2235
zs,2022-07-06,1583.0,1596.25,1560.0,1580.25,2309
zs,2022-07-07,1591.0,1620.0,1589.0,1591.25,744
zs,2022-07-08,1602.25,1635.0,1596.25,1630.25,399
zs,2022-07-11,1645.0,1660.0,1637.0,1641.0,384
zs,2022-07-12,1650.0,1656.0,1592.5,1592.75,395
zs,2022-07-13,1573.5,1634.5,1573.5,1588.25,60
zs,2022-07-14,1659.75,1659.75,1561.75,1610.0,23094
zs,2022-07-15,1477.5,1490.0,1456.25,1466.0,22609
zs,2022-07-18,1478.25,1513.5,1465.5,1497.25,22423
zs,2022-07-19,1498.5,1499.5,1456.0,1477.25,19403
zs,2022-07-20,1476.0,1477.0,1446.0,1449.0,26111
zs,2022-07-21,1449.5,1457.5,1413.5,1418.5,27254
zs,2022-07-22,1420.0,1444.75,1407.75,1434.5,27240
zs,2022-07-25,1450.0,1474.0,1433.75,1473.0,24846
zs,2022-07-26,1481.0,1535.5,1481.0,1532.75,28936
zs,2022-07-27,1532.0,1582.75,1531.25,1578.75,31657
zs,2022-07-28,1581.0,1621.0,1578.75,1609.25,14499
zs,2022-07-29,1609.25,1671.0,1609.25,1637.0,4783
zs,2022-08-01,1650.0,1650.0,1577.75,1594.25,1378
zs,2022-08-02,1589.0,1607.5,1565.0,1569.25,1342
zs,2022-08-03,1569.75,1586.75,1545.75,1558.0,872
zs,2022-08-04,1552.0,1618.0,1552.0,1615.0,396
zs,2022-08-05,1624.75,1624.75,1598.25,1614.75,240
zs,2022-08-08,1605.5,1629.0,1603.0,1619.5,350
zs,2022-08-09,1632.0,1693.25,1632.0,1693.25,427
zs,2022-08-10,1715.0,1730.75,1688.0,1688.75,239
zs,2022-08-11,1690.0,1737.75,1690.0,1709.5,93
zs,2022-08-12,1682.5,1696.0,1669.25,1669.25,17217
zs,2022-08-15,1521.0,1530.75,1464.25,1494.0,13073
zs,2022-08-16,1490.25,1494.5,1443.75,1454.25,12286
zs,2022-08-17,1454.75,1479.0,1454.0,1475.25,8838
zs,2022-08-18,1475.0,1499.75,1467.25,1495.5,8579
zs,2022-08-19,1496.75,1499.25,1475.75,1488.75,5821
zs,2022-08-22,1484.25,1534.5,1478.0,1527.0,10433
zs,2022-08-23,1530.0,1581.0,1528.25,1566.75,13082
zs,2022-08-24,1568.75,1596.0,1553.25,1560.75,12242
zs,2022-08-25,1560.0,1575.75,1550.25,1552.5,9648
zs,2022-08-26,1553.25,1614.0,1552.0,1605.25,14850
zs,2022-08-29,1606.25,1612.25,1530.5,1534.75,11281
zs,2022-08-30,1534.5,1538.5,1480.0,1513.0,4540
zs,2022-08-31,1514.75,1524.5,1493.25,1507.5,578
zs,2022-09-01,1511.25,1511.25,1469.0,1472.75,697
zs,2022-09-02,1480.0,1518.5,1480.0,1510.5,123
zs,2022-09-06,1493.0,1493.0,1487.5,1490.0,82
zs,2022-09-07,1485.25,1503.75,1466.75,1466.75,54
zs,2022-09-08,1484.25,1484.5,1470.5,1470.5,59
zs,2022-09-09,1481.0,1489.25,1481.0,1489.25,9
zs,2022-09-12,1480.5,1558.25,1472.5,1549.75,25
zs,2022-09-13,1556.0,1556.0,1525.0,1534.25,170
zs,2022-09-14,1503.75,1506.25,1503.75,1503.75,110615
zs,2022-09-15,1456.0,1468.5,1444.0,1451.5,100629
zs,2022-09-16,1449.0,1455.0,1433.75,1448.5,85172
zs,2022-09-19,1446.0,1465.75,1438.25,1461.25,88514
zs,2022-09-20,1461.75,1485.5,1450.75,1478.75,107521
zs,2022-09-21,1476.5,1488.75,1459.5,1461.25,95500
zs,2022-09-22,1456.5,1476.0,1448.75,1457.0,115426
zs,2022-09-23,1455.0,1456.0,1420.5,1425.75,120138
zs,2022-09-26,1424.5,1433.75,1408.25,1411.25,125611
zs,2022-09-27,1411.25,1437.25,1407.0,1408.0,144461
zs,2022-09-28,1409.0,1412.5,1390.75,1408.75,153869
zs,2022-09-29,1408.75,1423.75,1403.25,1410.75,157471
zs,2022-09-30,1410.5,1425.75,1363.25,1364.75,185769
zs,2022-10-03,1364.0,1376.5,1361.25,1374.0,122444
zs,2022-10-04,1373.75,1395.0,1371.75,1383.5,119917
zs,2022-10-05,1382.75,1385.25,1362.5,1369.75,108763
zs,2022-10-06,1369.5,1376.75,1350.0,1358.0,110344
zs,2022-10-07,1358.0,1373.5,1350.75,1367.0,140543
zs,2022-10-10,1367.0,1398.75,1366.5,1374.0,196819
zs,2022-10-11,1373.25,1385.25,1365.25,1376.25,126082
zs,2022-10-12,1373.0,1414.0,1367.5,1396.0,220285
zs,2022-10-13,1394.5,1405.0,1378.75,1395.75,145762
zs,2022-10-14,1394.0,1410.0,1382.75,1383.75,123738
zs,2022-10-17,1381.5,1395.0,1376.25,1385.25,116449
zs,2022-10-18,1383.0,1390.0,1364.25,1372.0,143267
zs,2022-10-19,1371.75,1378.5,1357.0,1372.5,105181
zs,2022-10-20,1371.0,1396.5,1370.25,1391.5,130958
zs,2022-10-21,1390.25,1398.5,1375.5,1395.5,116214
zs,2022-10-24,1393.0,1393.0,1368.25,1372.0,118812
zs,2022-10-25,1372.0,1386.5,1366.0,1382.0,98749
zs,2022-10-26,1381.5,1397.75,1378.75,1381.75,107710
zs,2022-10-27,1381.25,1394.75,1378.25,1382.25,79221
zs,2022-10-28,1382.0,1390.75,1370.0,1387.75,66790
zs,2022-10-31,1400.0,1411.25,1385.5,1407.0,10073
zs,2022-11-01,1405.5,1436.5,1403.75,1435.75,5327
zs,2022-11-02,1434.5,1445.0,1421.25,1440.0,2357
zs,2022-11-03,1435.5,1440.0,1416.5,1426.75,989
zs,2022-11-04,1424.25,1453.75,1424.25,1451.5,473
zs,2022-11-07,1445.0,1457.5,1439.0,1440.0,1472
zs,2022-11-08,1440.75,1446.0,1436.0,1444.0,1250
zs,2022-11-09,1444.5,1460.75,1435.5,1459.75,820
zs,2022-11-10,1464.0,1465.0,1430.25,1430.5,510
zs,2022-11-11,1439.0,1463.75,1439.0,1455.5,236
zs,2022-11-14,1460.0,1460.0,1435.75,1441.75,78858
zs,2022-11-15,1440.0,1464.75,1432.5,1457.25,99988
zs,2022-11-16,1454.75,1455.0,1423.25,1429.25,96622
zs,2022-11-17,1430.0,1431.75,1406.75,1417.0,88314
zs,2022-11-18,1419.0,1430.75,1412.25,1428.25,63078
zs,2022-11-21,1427.25,1438.0,1417.25,1436.75,69911
zs,2022-11-22,1436.0,1443.5,1428.25,1429.75,69272
zs,2022-11-23,1431.5,1441.0,1422.25,1436.0,67115
zs,2022-11-25,1436.75,1448.0,1431.0,1436.25,41566
zs,2022-11-28,1428.25,1461.75,1424.0,1457.25,102364
zs,2022-11-29,1454.75,1468.5,1449.0,1459.5,91119
zs,2022-11-30,1457.25,1478.5,1457.25,1469.5,93201
zs,2022-12-01,1466.0,1469.75,1425.25,1429.75,134068
zs,2022-12-02,1432.0,1443.0,1425.5,1438.5,91648
zs,2022-12-05,1440.5,1451.0,1435.25,1437.75,82713
zs,2022-12-06,1437.5,1472.5,1437.0,1455.0,126974
zs,2022-12-07,1456.0,1478.0,1455.75,1472.0,145108
zs,2022-12-08,1471.0,1492.25,1468.0,1486.25,141915
zs,2022-12-09,1484.25,1492.75,1477.75,1483.75,96091
zs,2022-12-12,1483.5,1483.5,1457.75,1460.5,125861
zs,2022-12-13,1461.25,1487.75,1460.75,1479.75,145783
zs,2022-12-14,1479.5,1487.0,1468.0,1482.25,112117
zs,2022-12-15,1481.0,1486.0,1468.0,1473.5,97511
zs,2022-12-16,1473.5,1486.0,1465.5,1480.0,69325
zs,2022-12-19,1470.0,1476.0,1460.0,1460.75,101717
zs,2022-12-20,1461.75,1486.75,1460.25,1478.5,111696
zs,2022-12-21,1477.0,1489.0,1475.25,1481.0,84786
zs,2022-12-22,1480.0,1484.0,1463.5,1467.75,75905
zs,2022-12-23,1468.75,1484.0,1466.25,1479.0,52836
zs,2022-12-27,1490.0,1516.75,1478.25,1482.25,61925
zs,2022-12-28,1483.5,1509.75,1482.75,1506.5,42705
zs,2022-12-29,1504.75,1516.25,1501.25,1508.75,27307
zs,2022-12-30,1508.0,1532.25,1507.75,1519.25,7092
zs,2023-01-03,1519.25,1523.25,1485.0,1487.25,2951
zs,2023-01-04,1491.75,1496.25,1477.25,1478.25,2200
zs,2023-01-05,1481.25,1481.25,1462.0,1466.75,1169
zs,2023-01-06,1471.75,1503.25,1471.75,1501.5,2024
zs,2023-01-09,1506.0,1513.0,1502.0,1503.5,446
zs,2023-01-10,1501.5,1518.5,1501.5,1510.0,350
zs,2023-01-11,1515.25,1520.5,1510.0,1515.0,617
zs,2023-01-12,1511.5,1541.75,1511.5,1529.5,491
zs,2023-01-13,1525.0,1538.25,1525.0,1538.25,104971
zs,2023-01-17,1518.75,1541.0,1512.5,1539.75,118314
zs,2023-01-18,1537.0,1548.5,1511.25,1524.5,133372
zs,2023-01-19,1523.5,1528.5,1509.0,1514.75,124401
zs,2023-01-20,1514.25,1521.75,1504.0,1506.5,98916
zs,2023-01-23,1500.0,1503.0,1479.75,1490.25,134889
zs,2023-01-24,1491.5,1506.5,1487.0,1488.5,129464
zs,2023-01-25,1488.25,1504.75,1478.25,1502.5,119104
zs,2023-01-26,1506.5,1526.25,1500.0,1523.5,123245
zs,2023-01-27,1521.75,1527.0,1506.5,1509.5,101755
zs,2023-01-30,1516.25,1538.0,1516.25,1535.25,123619
zs,2023-01-31,1533.5,1543.75,1524.5,1538.0,126434
zs,2023-02-01,1537.5,1542.75,1510.75,1520.25,129978
zs,2023-02-02,1522.75,1537.75,1522.5,1534.25,99742
zs,2023-02-03,1533.5,1539.75,1524.75,1532.0,101436
zs,2023-02-06,1532.0,1535.5,1516.75,1521.25,131712
zs,2023-02-07,1521.0,1530.5,1511.0,1515.25,164240
zs,2023-02-08,1516.0,1527.75,1505.75,1519.75,177793
zs,2023-02-09,1518.5,1533.75,1512.0,1519.25,189473
zs,2023-02-10,1518.0,1543.25,1515.5,1542.5,173799
zs,2023-02-13,1542.0,1555.5,1537.0,1542.75,162409
zs,2023-02-14,1542.0,1544.75,1532.75,1537.5,115529
zs,2023-02-15,1536.5,1537.0,1516.5,1525.75,132117
zs,2023-02-16,1525.25,1532.25,1520.5,1526.5,115376
zs,2023-02-17,1526.0,1533.25,1524.25,1527.25,93637
zs,2023-02-21,1536.5,1549.0,1535.0,1548.75,115702
zs,2023-02-22,1546.75,1554.0,1538.0,1539.5,90517
zs,2023-02-23,1539.75,1545.25,1532.75,1534.25,85546
zs,2023-02-24,1536.25,1544.25,1526.0,1529.0,71895
zs,2023-02-27,1529.5,1533.5,1515.25,1518.25,43689
zs,2023-02-28,1518.25,1518.25,1489.5,1490.5,9027
zs,2023-03-01,1491.5,1509.5,1491.5,1504.25,2793
zs,2023-03-02,1504.5,1526.5,1501.5,1519.75,2029
zs,2023-03-03,1519.5,1537.0,1519.25,1530.5,1607
zs,2023-03-06,1528.75,1550.0,1523.75,1541.0,1130
zs,2023-03-07,1538.0,1538.0,1523.75,1525.25,645
zs,2023-03-08,1525.25,1539.0,1524.5,1526.75,272
zs,2023-03-09,1529.5,1535.5,1516.0,1520.0,224
zs,2023-03-10,1515.0,1521.75,1511.0,1513.0,467
zs,2023-03-13,1521.75,1524.75,1500.0,1500.0,139
zs,2023-03-14,1501.0,1502.5,1499.75,1499.75,108201
zs,2023-03-15,1494.0,1500.0,1480.0,1489.25,115247
zs,2023-03-16,1489.25,1498.0,1478.0,1491.5,107038
zs,2023-03-17,1492.5,1498.0,1470.0,1476.5,119474
zs,2023-03-20,1473.0,1487.75,1462.0,1486.0,122780
zs,2023-03-21,1483.75,1497.0,1465.0,1467.0,101494
zs,2023-03-22,1467.75,1472.0,1443.25,1448.5,141743
zs,2023-03-23,1450.0,1454.25,1415.25,1419.5,157574
zs,2023-03-24,1419.5,1432.0,1405.0,1428.25,143036
zs,2023-03-27,1428.75,1445.5,1423.25,1442.25,98099
zs,2023-03-28,1441.5,1469.75,1439.75,1467.75,122627
zs,2023-03-29,1466.0,1479.75,1462.5,1477.25,105996
zs,2023-03-30,1476.5,1483.5,1471.0,1474.5,110079
zs,2023-03-31,1473.25,1513.75,1468.0,1505.5,167862
zs,2023-04-03,1510.0,1527.75,1509.75,1522.0,121608
zs,2023-04-04,1520.0,1523.75,1505.5,1517.5,112285
zs,2023-04-05,1517.5,1527.0,1506.5,1511.0,124119
zs,2023-04-06,1510.0,1510.25,1483.25,1492.5,0
zs,2023-04-10,1493.25,1499.75,1482.5,1487.25,105039
zs,2023-04-11,1487.75,1507.5,1486.25,1497.25,156745
zs,2023-04-12,1497.5,1510.5,1491.0,1504.25,132897
zs,2023-04-13,1504.25,1522.25,1500.5,1501.0,132337
zs,2023-04-14,1502.0,1503.75,1490.0,1500.5,118382
zs,2023-04-17,1500.5,1519.0,1496.25,1517.0,85451
zs,2023-04-18,1515.75,1531.5,1511.0,1519.25,99155
zs,2023-04-19,1517.25,1521.5,1506.0,1506.5,95853
zs,2023-04-20,1505.0,1506.0,1488.25,1497.5,95685
zs,2023-04-21,1497.0,1500.0,1480.0,1483.5,89795
zs,2023-04-24,1483.5,1500.0,1463.25,1465.25,87803
zs,2023-04-25,1463.5,1471.25,1437.75,1445.25,62592
zs,2023-04-26,1445.25,1456.5,1434.0,1436.0,51187
zs,2023-04-27,1435.0,1443.0,1420.75,1426.75,22194
zs,2023-04-28,1432.75,1449.0,1425.0,1444.25,3373
zs,2023-05-01,1444.5,1455.25,1441.0,1454.75,601
zs,2023-05-02,1460.0,1467.0,1437.5,1439.5,634
zs,2023-05-03,1435.0,1449.0,1422.0,1448.0,733
zs,2023-05-04,1448.0,1454.0,1438.75,1448.5,424
zs,2023-05-05,1452.0,1470.0,1452.0,1469.0,242
zs,2023-05-08,1477.0,1477.0,1464.5,1468.75,267
zs,2023-05-09,1467.75,1467.75,1448.75,1451.75,327
zs,2023-05-10,1459.75,1459.75,1436.0,1436.5,106
zs,2023-05-11,1437.75,1446.0,1420.0,1443.25,137
zs,2023-05-12,1435.0,1435.0,1435.0,1435.0,124961
zs,2023-05-15,1388.75,1411.5,1386.25,1400.75,111854
zs,2023-05-16,1400.0,1401.75,1358.75,1364.0,149242
zs,2023-05-17,1365.0,1365.75,1332.75,1337.0,145517
zs,2023-05-18,1336.5,1348.0,1323.25,1333.25,124325
zs,2023-05-19,1333.25,1345.0,1304.75,1307.25,135856
zs,2023-05-22,1308.25,1344.25,1304.75,1341.25,143213
zs,2023-05-23,1341.0,1341.25,1315.5,1322.5,111359
zs,2023-05-24,1322.5,1337.75,1316.0,1324.5,95312
zs,2023-05-25,1324.25,1333.5,1305.0,1324.0,131878
zs,2023-05-26,1323.75,1343.5,1322.0,1337.25,104197
zs,2023-05-30,1337.25,1337.25,1294.25,1296.5,128256
zs,2023-05-31,1298.0,1302.75,1270.75,1299.75,137386
zs,2023-06-01,1299.75,1335.25,1299.25,1329.5,132076
zs,2023-06-02,1329.0,1355.25,1322.0,1352.5,120303
zs,2023-06-05,1353.25,1361.5,1343.5,1350.0,98182
zs,2023-06-06,1352.0,1364.0,1340.25,1353.25,129813
zs,2023-06-07,1353.25,1370.75,1350.0,1360.75,143477
zs,2023-06-08,1358.0,1371.75,1352.0,1363.25,152587
zs,2023-06-09,1360.5,1388.0,1356.25,1386.5,142158
zs,2023-06-12,1390.0,1392.75,1368.5,1372.75,122300
zs,2023-06-13,1373.25,1415.5,1371.75,1399.25,161567
zs,2023-06-14,1398.75,1399.0,1380.0,1388.25,124157
zs,2023-06-15,1389.75,1432.0,1387.5,1428.25,144129
zs,2023-06-16,1426.0,1468.25,1426.0,1466.5,158732
zs,2023-06-20,1472.75,1489.25,1459.75,1477.25,126378
zs,2023-06-21,1489.0,1521.25,1479.0,1514.75,105944
zs,2023-06-22,1513.25,1519.5,1468.5,1500.5,100736
zs,2023-06-23,1500.0,1501.5,1470.25,1494.5,83289
zs,2023-06-26,1486.25,1525.0,1477.75,1521.0,51073
zs,2023-06-27,1523.0,1524.75,1490.0,1495.0,50206
zs,2023-06-28,1486.75,1499.75,1435.75,1451.0,34817
zs,2023-06-29,1447.75,1485.5,1445.25,1483.0,23201
zs,2023-06-30,1482.0,1568.0,1480.25,1557.25,5228
zs,2023-07-03,1557.25,1616.5,1556.0,1562.0,1870
zs,2023-07-05,1562.25,1589.0,1544.0,1547.25,1034
zs,2023-07-06,1538.25,1544.0,1519.25,1525.75,507
zs,2023-07-07,1523.5,1523.5,1480.0,1485.5,417
zs,2023-07-10,1484.0,1524.75,1484.0,1508.0,94
zs,2023-07-11,1515.75,1533.5,1515.75,1520.5,209
zs,2023-07-12,1545.5,1545.5,1477.0,1488.5,132
zs,2023-07-13,1489.0,1518.0,1489.0,1518.0,72
zs,2023-07-14,1507.0,1511.5,1495.75,1495.75,27708
zs,2023-07-17,1490.75,1497.0,1477.75,1484.0,25571
zs,2023-07-18,1476.5,1501.0,1474.25,1492.0,26908
zs,2023-07-19,1492.0,1518.25,1485.0,1491.5,33338
zs,2023-07-20,1489.0,1501.5,1480.75,1495.0,28198
zs,2023-07-21,1491.75,1504.0,1485.0,1501.0,28372
zs,2023-07-24,1507.5,1537.0,1500.0,1523.25,29203
zs,2023-07-25,1521.75,1527.25,1502.75,1515.5,25259
zs,2023-07-26,1513.75,1558.0,1506.0,1546.25,30605
zs,2023-07-27,1549.0,1580.75,1529.25,1532.0,25445
zs,2023-07-28,1530.5,1531.5,1483.5,1486.75,13888
zs,2023-07-31,1486.5,1486.5,1430.25,1445.75,2352
zs,2023-08-01,1446.5,1465.0,1433.75,1446.75,2092
zs,2023-08-02,1447.25,1447.25,1420.25,1429.75,744
zs,2023-08-03,1431.0,1445.0,1424.75,1428.75,1505
zs,2023-08-04,1446.0,1446.0,1434.0,1444.0,323
zs,2023-08-07,1430.0,1430.0,1405.0,1414.5,212
zs,2023-08-08,1400.25,1431.25,1395.0,1430.0,382
zs,2023-08-09,1436.0,1438.0,1430.75,1431.5,104
zs,2023-08-10,1431.75,1438.5,1410.0,1412.0,82
zs,2023-08-11,1353.25,1409.0,1353.25,1401.25,25
zs,2023-08-14,1422.0,1422.0,1391.0,1391.0,7906
zs,2023-08-15,1344.25,1348.75,1319.5,1323.25,15884
zs,2023-08-16,1323.75,1344.25,1321.25,1334.75,9256
zs,2023-08-17,1337.0,1347.75,1332.5,1336.75,12549
zs,2023-08-18,1338.0,1365.5,1337.75,1362.75,11335
zs,2023-08-21,1369.0,1386.75,1364.5,1370.0,13759
zs,2023-08-22,1369.5,1381.0,1341.75,1351.5,8855
zs,2023-08-23,1350.25,1362.25,1333.75,1359.5,16285
zs,2023-08-24,1359.5,1370.75,1352.0,1365.75,8107
zs,2023-08-25,1364.0,1382.0,1361.25,1381.0,14320
zs,2023-08-28,1388.25,1400.75,1383.75,1395.25,10112
zs,2023-08-29,1382.75,1394.0,1380.5,1382.0,9140
zs,2023-08-30,1378.5,1391.75,1366.75,1381.25,9727
zs,2023-08-31,1381.0,1381.0,1360.0,1360.0,853
zs,2023-09-01,1362.0,1374.0,1355.0,1356.25,422
zs,2023-09-05,1359.5,1359.5,1348.0,1349.0,85
zs,2023-09-06,1365.5,1365.5,1359.5,1360.25,102
zs,2023-09-07,1349.5,1350.0,1345.0,1345.0,310
zs,2023-09-08,1339.0,1349.5,1339.0,1349.5,198
zs,2023-09-11,1352.5,1352.5,1352.0,1352.5,36
zs,2023-09-12,1348.75,1348.75,1331.75,1331.75,274
zs,2023-09-13,1325.5,1336.0,1325.5,1336.0,201
zs,2023-09-14,1343.75,1343.75,1343.75,1343.75,138778
zs,2023-09-15,1360.5,1367.75,1338.25,1340.25,114647
zs,2023-09-18,1340.0,1344.5,1315.5,1316.75,137195
zs,2023-09-19,1315.0,1319.75,1308.0,1315.5,138842
zs,2023-09-20,1315.25,1322.75,1310.25,1320.0,112121
zs,2023-09-21,1319.75,1322.0,1293.0,1293.75,140563
zs,2023-09-22,1294.0,1303.0,1292.5,1296.25,121669
zs,2023-09-25,1295.25,1300.0,1284.5,1297.75,101011
zs,2023-09-26,1299.25,1307.75,1289.0,1302.75,135125
zs,2023-09-27,1302.75,1317.0,1297.5,1303.25,146484
zs,2023-09-28,1303.0,1307.0,1287.0,1300.5,151183
zs,2023-09-29,1300.5,1305.5,1272.5,1275.0,169945
zs,2023-10-02,1272.5,1279.5,1265.75,1277.0,156106
zs,2023-10-03,1276.5,1278.75,1256.75,1272.75,191994
zs,2023-10-04,1272.0,1285.0,1268.75,1273.0,126709
zs,2023-10-05,1271.75,1283.75,1262.0,1280.75,143482
zs,2023-10-06,1279.5,1287.25,1263.5,1266.0,156382
zs,2023-10-09,1267.0,1277.5,1258.25,1264.25,162794
zs,2023-10-10,1263.0,1273.25,1254.25,1271.5,161646
zs,2023-10-11,1271.5,1274.25,1251.0,1252.5,185252
zs,2023-10-12,1252.5,1299.75,1250.5,1290.0,235474
zs,2023-10-13,1286.75,1298.5,1273.5,1280.25,139748
zs,2023-10-16,1280.0,1289.0,1279.5,1286.25,111494
zs,2023-10-17,1286.0,1303.5,1285.5,1296.75,135410
zs,2023-10-18,1297.0,1313.0,1293.25,1311.0,163209
zs,2023-10-19,1311.0,1317.75,1300.25,1315.5,182300
zs,2023-10-20,1315.0,1318.5,1301.0,1302.25,143729
zs,2023-10-23,1302.0,1304.0,1286.0,1286.75,119491
zs,2023-10-24,1287.0,1297.75,1280.5,1295.25,125254
zs,2023-10-25,1293.0,1301.25,1278.0,1288.25,111043
zs,2023-10-26,1287.5,1297.75,1277.5,1279.5,105810
zs,2023-10-27,1279.25,1303.5,1277.75,1297.25,108290
zs,2023-10-30,1297.0,1308.75,1281.0,1282.75,77497
zs,2023-10-31,1283.0,1300.0,1276.0,1287.0,7814
zs,2023-11-01,1290.0,1296.75,1283.25,1291.25,2816
zs,2023-11-02,1290.25,1306.25,1290.25,1304.0,1729
zs,2023-11-03,1303.5,1330.0,1302.25,1327.5,2203
zs,2023-11-06,1327.5,1345.25,1327.5,1340.5,1020
zs,2023-11-07,1339.5,1366.0,1336.5,1348.75,2165
zs,2023-11-08,1352.0,1368.75,1348.0,1349.0,217
zs,2023-11-09,1351.0,1353.5,1326.5,1327.75,92
zs,2023-11-10,1328.0,1335.0,1325.25,1333.5,163
zs,2023-11-13,1335.0,1369.0,1333.75,1368.0,284
zs,2023-11-14,1372.0,1372.0,1358.5,1368.75,121756
zs,2023-11-15,1389.0,1398.5,1379.5,1385.0,112125
zs,2023-11-16,1385.0,1387.75,1353.75,1360.25,139084
zs,2023-11-17,1360.0,1361.5,1336.75,1340.25,125658
zs,2023-11-20,1339.25,1368.0,1327.0,1367.25,126688
zs,2023-11-21,1365.5,1389.25,1364.0,1377.25,131504
zs,2023-11-22,1377.0,1378.5,1354.25,1356.5,123978
zs,2023-11-24,1354.5,1355.0,1329.5,1330.75,79518
zs,2023-11-27,1329.5,1339.0,1323.5,1329.75,108127
zs,2023-11-28,1330.25,1350.0,1329.5,1346.5,122211
zs,2023-11-29,1346.5,1352.0,1337.0,1347.0,110829
zs,2023-11-30,1347.0,1351.5,1339.25,1342.75,106352
zs,2023-12-01,1342.0,1343.5,1323.5,1325.0,133231
zs,2023-12-04,1322.5,1329.25,1303.5,1306.25,145541
zs,2023-12-05,1307.25,1315.25,1294.0,1305.5,127531
zs,2023-12-06,1309.25,1313.5,1293.75,1295.5,114902
zs,2023-12-07,1296.0,1318.25,1292.0,1311.75,142340
zs,2023-12-08,1312.5,1330.75,1299.0,1304.0,143886
zs,2023-12-11,1309.5,1338.5,1307.0,1336.0,156810
zs,2023-12-12,1337.25,1344.0,1320.5,1323.75,151132
zs,2023-12-13,1323.0,1323.5,1302.5,1307.5,134421
zs,2023-12-14,1311.0,1319.25,1304.0,1314.0,92835
zs,2023-12-15,1317.0,1320.5,1304.0,1315.75,104871
zs,2023-12-18,1318.0,1328.0,1307.0,1327.0,105952
zs,2023-12-19,1326.5,1328.75,1309.5,1312.5,136922
zs,2023-12-20,1312.5,1321.75,1305.5,1308.25,101196
zs,2023-12-21,1309.5,1310.0,1295.0,1297.25,71637
zs,2023-12-22,1296.75,1308.0,1294.0,1299.75,52365
zs,2023-12-26,1299.75,1314.5,1296.0,1313.25,34317
zs,2023-12-27,1310.5,1318.75,1303.0,1316.75,37407
zs,2023-12-28,1315.75,1324.25,1303.0,1305.25,23869
zs,2023-12-29,1304.75,1311.75,1292.25,1293.5,6682
zs,2024-01-02,1289.5,1289.5,1266.0,1274.0,2675
zs,2024-01-03,1271.5,1275.25,1268.0,1269.5,2363
zs,2024-01-04,1274.25,1274.25,1260.25,1262.0,353
zs,2024-01-05,1261.25,1261.25,1249.75,1249.75,1000
zs,2024-01-08,1252.75,1252.75,1233.25,1239.5,255
zs,2024-01-09,1238.5,1243.0,1228.75,1241.5,158
zs,2024-01-10,1241.5,1241.5,1228.75,1228.75,307
zs,2024-01-11,1234.0,1235.5,1231.25,1231.25,220
zs,2024-01-12,1239.75,1240.25,1205.75,1205.75,237245
zs,2024-01-16,1227.0,1237.75,1220.75,1227.25,140122
zs,2024-01-17,1227.25,1231.0,1205.0,1205.75,138322
zs,2024-01-18,1206.0,1216.0,1201.0,1213.5,112771
zs,2024-01-19,1213.0,1227.0,1210.75,1213.25,96455
zs,2024-01-22,1216.75,1225.75,1209.5,1224.25,94437
zs,2024-01-23,1224.25,1240.5,1221.5,1239.5,107718
zs,2024-01-24,1239.0,1246.0,1235.25,1240.25,130579
zs,2024-01-25,1240.0,1247.5,1215.5,1223.0,138526
zs,2024-01-26,1223.5,1230.75,1208.5,1209.25,112232
zs,2024-01-29,1210.75,1212.5,1191.5,1194.25,160776
zs,2024-01-30,1193.75,1221.25,1187.75,1218.75,133600
zs,2024-01-31,1218.75,1223.0,1206.75,1222.25,131031
zs,2024-02-01,1221.25,1221.75,1199.5,1203.25,117651
zs,2024-02-02,1203.25,1208.25,1186.75,1188.5,101687
zs,2024-02-05,1190.0,1198.5,1179.5,1196.25,133159
zs,2024-02-06,1196.0,1205.5,1193.75,1199.5,104104
zs,2024-02-07,1199.0,1202.0,1179.25,1189.0,137235
zs,2024-02-08,1187.0,1204.75,1180.5,1193.5,165204
zs,2024-02-09,1195.0,1198.0,1181.5,1183.5,120117
zs,2024-02-12,1183.75,1196.75,1182.5,1193.0,114463
zs,2024-02-13,1191.75,1197.5,1183.0,1186.25,132884
zs,2024-02-14,1186.25,1190.0,1168.25,1170.5,128628
zs,2024-02-15,1168.0,1174.75,1160.25,1162.25,135571
zs,2024-02-16,1163.75,1173.75,1162.25,1172.25,99941
zs,2024-02-20,1177.75,1188.5,1174.0,1179.0,145020
zs,2024-02-21,1179.0,1179.25,1157.5,1160.75,113652
zs,2024-02-22,1161.0,1167.25,1146.75,1147.75,136672
zs,2024-02-23,1148.0,1154.0,1130.25,1133.0,125088
zs,2024-02-26,1137.0,1142.25,1124.75,1136.0,98731
zs,2024-02-27,1136.0,1152.25,1128.75,1131.25,79533
zs,2024-02-28,1132.25,1144.5,1124.75,1134.0,37481
zs,2024-02-29,1132.0,1136.0,1115.0,1128.25,4459
zs,2024-03-01,1128.25,1143.5,1126.75,1143.0,763
zs,2024-03-04,1152.0,1158.0,1145.0,1147.0,404
zs,2024-03-05,1147.0,1147.0,1138.75,1140.75,1080
zs,2024-03-06,1138.5,1140.25,1132.25,1140.25,287
zs,2024-03-07,1155.0,1157.0,1151.0,1157.0,443
zs,2024-03-08,1157.0,1170.5,1145.5,1170.5,199
zs,2024-03-11,1170.0,1170.75,1165.0,1165.0,42
zs,2024-03-12,1167.0,1182.0,1167.0,1182.0,73
zs,2024-03-13,1178.25,1182.75,1173.75,1181.75,24
zs,2024-03-14,1182.0,1198.5,1180.75,1180.75,164064
zs,2024-03-15,1194.5,1200.0,1183.5,1198.25,117888
zs,2024-03-18,1198.5,1206.0,1186.75,1187.75,97550
zs,2024-03-19,1188.0,1192.25,1181.0,1185.5,103620
zs,2024-03-20,1185.5,1211.75,1183.5,1209.5,161255
zs,2024-03-21,1209.0,1226.75,1204.0,1212.0,150049
zs,2024-03-22,1211.0,1211.25,1189.25,1192.5,121895
zs,2024-03-25,1194.0,1210.0,1188.5,1209.25,106767
zs,2024-03-26,1207.5,1208.0,1197.75,1199.0,119009
zs,2024-03-27,1196.75,1198.0,1189.5,1192.5,104399
zs,2024-03-28,1191.75,1199.5,1177.0,1191.5,160360
zs,2024-04-01,1196.25,1201.75,1181.5,1185.75,104397
zs,2024-04-02,1185.5,1199.75,1171.0,1174.0,173481
zs,2024-04-03,1175.5,1186.75,1168.5,1182.25,160346
zs,2024-04-04,1182.25,1186.75,1170.25,1180.0,119935
zs,2024-04-05,1178.0,1190.75,1173.0,1185.0,162613
zs,2024-04-08,1187.75,1193.25,1180.5,1181.5,159389
zs,2024-04-09,1181.5,1184.25,1172.0,1174.5,167029
zs,2024-04-10,1174.75,1180.75,1163.0,1164.75,156535
zs,2024-04-11,1163.75,1166.25,1151.0,1159.25,163734
zs,2024-04-12,1158.5,1179.75,1154.0,1174.0,160130
zs,2024-04-15,1173.25,1176.0,1155.5,1158.25,134465
zs,2024-04-16,1157.25,1163.0,1143.25,1145.0,148376
zs,2024-04-17,1145.0,1155.25,1141.75,1149.5,104230
zs,2024-04-18,1149.0,1149.75,1133.0,1134.25,109349
zs,2024-04-19,1134.0,1153.0,1131.75,1150.5,124590
zs,2024-04-22,1147.75,1167.0,1144.5,1161.0,107395
zs,2024-04-23,1161.0,1169.0,1158.0,1167.5,112266
zs,2024-04-24,1166.5,1177.5,1164.0,1166.0,92302
zs,2024-04-25,1164.75,1166.5,1150.5,1162.75,106684
zs,2024-04-26,1162.25,1164.0,1155.0,1159.5,78879
zs,2024-04-29,1158.5,1171.75,1157.0,1160.75,58269
zs,2024-04-30,1158.75,1163.0,1141.0,1145.5,5743
zs,2024-05-01,1145.0,1156.25,1141.0,1155.75,3404
zs,2024-05-02,1155.75,1200.0,1155.75,1190.0,2408
zs,2024-05-03,1193.0,1202.0,1193.0,1201.75,711
zs,2024-05-06,1197.0,1236.5,1197.0,1234.75,486
zs,2024-05-07,1234.5,1240.5,1230.0,1232.25,51
zs,2024-05-08,1233.5,1233.5,1211.25,1212.75,87
zs,2024-05-09,1216.5,1218.0,1192.5,1192.75,66
zs,2024-05-10,1196.75,1205.0,1195.0,1205.0,82
zs,2024-05-13,1205.5,1205.5,1205.5,1205.5,6
zs,2024-05-14,1199.0,1199.0,1199.0,1199.0,115517
zs,2024-05-15,1215.0,1232.25,1209.5,1213.5,124938
zs,2024-05-16,1214.0,1219.75,1210.0,1216.25,99241
zs,2024-05-17,1216.5,1231.25,1215.25,1228.0,133101
zs,2024-05-20,1227.25,1250.75,1224.0,1248.0,171388
zs,2024-05-21,1246.5,1249.25,1230.0,1236.25,126275
zs,2024-05-22,1235.0,1249.75,1233.25,1246.25,125072
zs,2024-05-23,1245.75,1258.25,1236.0,1239.25,136099
zs,2024-05-24,1239.0,1251.0,1236.0,1248.0,107257
zs,2024-05-28,1250.25,1254.75,1226.25,1229.5,140138
zs,2024-05-29,1229.0,1231.25,1212.5,1214.0,123723
zs,2024-05-30,1213.0,1220.0,1207.25,1209.75,107751
zs,2024-05-31,1209.75,1223.75,1202.75,1205.0,106393
zs,2024-06-03,1204.25,1205.5,1182.5,1184.5,119994
zs,2024-06-04,1184.0,1189.5,1176.0,1179.0,145530
zs,2024-06-05,1180.25,1191.75,1175.25,1177.25,154196
zs,2024-06-06,1176.5,1204.5,1176.0,1200.0,162161
zs,2024-06-07,1200.5,1202.5,1174.25,1179.25,175688
zs,2024-06-10,1179.25,1190.75,1175.5,1188.25,139377
zs,2024-06-11,1188.25,1193.0,1177.0,1178.0,160774
zs,2024-06-12,1177.25,1186.5,1171.0,1177.25,161099
zs,2024-06-13,1177.0,1191.25,1171.0,1189.5,149824
zs,2024-06-14,1188.75,1189.0,1178.0,1179.75,132144
zs,2024-06-17,1179.0,1179.0,1157.5,1157.75,138815
zs,2024-06-18,1158.25,1175.75,1156.5,1174.0,148950
zs,2024-06-20,1173.0,1175.75,1155.0,1155.25,146080
zs,2024-06-21,1156.0,1168.75,1156.0,1160.5,111374
zs,2024-06-24,1160.5,1179.5,1156.25,1175.25,88889
zs,2024-06-25,1175.0,1180.0,1157.75,1163.25,83116
zs,2024-06-26,1163.0,1177.5,1160.0,1162.75,67870
zs,2024-06-27,1161.5,1169.5,1150.75,1152.25,32512
zs,2024-06-28,1152.0,1167.0,1146.25,1150.5,4183
zs,2024-07-01,1148.25,1161.75,1148.25,1159.5,1313
zs,2024-07-02,1159.25,1175.0,1159.25,1165.0,1375
zs,2024-07-03,1162.25,1180.25,1162.0,1176.5,924
zs,2024-07-05,1172.25,1191.5,1172.25,1188.5,812
zs,2024-07-08,1181.75,1181.75,1167.25,1174.25,985
zs,2024-07-09,1177.0,1185.0,1160.0,1161.5,839
zs,2024-07-10,1165.25,1165.25,1135.75,1141.25,698
zs,2024-07-11,1145.0,1145.0,1137.0,1142.75,108
zs,2024-07-12,1134.5,1134.5,1134.5,1134.5,41399
zs,2024-07-15,1100.0,1101.0,1075.75,1078.0,35655
zs,2024-07-16,1076.75,1096.5,1076.75,1090.5,37408
zs,2024-07-17,1090.0,1102.5,1090.0,1097.25,41677
zs,2024-07-18,1097.5,1101.0,1089.0,1098.5,35569
zs,2024-07-19,1098.0,1107.75,1095.0,1097.25,25658
zs,2024-07-22,1100.5,1119.75,1100.5,1117.75,40798
zs,2024-07-23,1116.5,1129.0,1111.0,1117.5,51623
zs,2024-07-24,1115.25,1123.25,1104.5,1111.0,34547
zs,2024-07-25,1111.0,1120.5,1103.5,1116.0,38157
zs,2024-07-26,1113.25,1117.25,1071.5,1077.5,61437
zs,2024-07-29,1073.75,1073.75,1030.75,1054.75,37618
zs,2024-07-30,1054.75,1059.0,1023.75,1027.25,16709
zs,2024-07-31,1027.25,1048.5,1020.5,1028.5,2651
zs,2024-08-01,1030.0,1034.0,1019.5,1022.0,1384
zs,2024-08-02,1022.0,1031.5,1019.0,1029.25,633
zs,2024-08-05,1040.0,1045.0,1021.5,1044.25,64
zs,2024-08-06,1033.0,1038.25,1028.5,1028.5,694
zs,2024-08-07,1020.75,1023.25,1017.25,1020.25,195
zs,2024-08-08,1023.25,1023.25,1009.75,1009.75,172
zs,2024-08-09,1018.0,1028.0,1014.5,1028.0,24
zs,2024-08-12,1020.5,1038.25,1012.0,1012.0,12
zs,2024-08-13,1003.0,1003.0,989.0,989.0,19
zs,2024-08-14,989.5,989.75,979.75,979.75,15972
zs,2024-08-15,951.75,961.0,950.5,951.5,15039
zs,2024-08-16,950.5,952.5,936.25,938.75,17420
zs,2024-08-19,938.0,957.5,938.0,956.25,15833
zs,2024-08-20,955.25,966.25,950.75,957.25,13630
zs,2024-08-21,957.0,966.0,955.5,963.0,12788
zs,2024-08-22,962.0,963.0,940.0,941.25,17660
zs,2024-08-23,941.75,954.0,941.25,952.0,16814
zs,2024-08-26,943.5,961.25,939.25,959.75,18427
zs,2024-08-27,959.0,971.75,957.0,967.5,13636
zs,2024-08-28,968.25,969.5,953.5,958.5,10273
zs,2024-08-29,957.25,975.0,957.0,973.75,10556
zs,2024-08-30,974.5,987.5,971.5,982.0,2055
zs,2024-09-03,978.75,1007.5,978.75,997.0,518
zs,2024-09-04,987.5,1006.0,987.5,1006.0,382
zs,2024-09-05,999.5,1008.25,999.5,1008.25,309
zs,2024-09-06,1008.0,1008.0,989.25,989.25,122
zs,2024-09-09,1000.25,1000.25,1000.0,1000.0,122
zs,2024-09-10,980.25,981.75,977.5,977.5,59
zs,2024-09-11,978.25,979.75,978.25,979.75,25
zs,2024-09-12,987.5,991.5,987.5,991.5,4
zs,2024-09-13,986.75,986.75,986.75,986.75,120065
zs,2024-09-16,1005.0,1012.0,999.0,1004.5,79098
zs,2024-09-17,1003.75,1011.0,1002.0,1006.0,80303
zs,2024-09-18,1007.0,1022.0,1006.25,1014.0,147447
zs,2024-09-19,1015.0,1018.25,1006.75,1013.25,116585
zs,2024-09-20,1012.5,1019.0,1001.25,1012.0,128091
zs,2024-09-23,1012.0,1041.75,1012.0,1039.25,220319
zs,2024-09-24,1037.0,1058.25,1032.75,1042.25,206134
zs,2024-09-25,1042.0,1054.5,1031.25,1053.25,175631
zs,2024-09-26,1051.75,1064.75,1039.75,1041.0,191090
zs,2024-09-27,1039.75,1069.5,1034.25,1065.75,237043
zs,2024-09-30,1060.25,1069.75,1052.0,1057.0,167653
zs,2024-10-01,1055.75,1065.5,1045.0,1057.25,165015
zs,2024-10-02,1055.0,1063.75,1042.5,1056.0,158797
zs,2024-10-03,1053.75,1056.25,1041.75,1046.0,126126
zs,2024-10-04,1045.0,1055.25,1036.25,1037.75,136658
zs,2024-10-07,1033.5,1039.0,1026.5,1034.0,170260
zs,2024-10-08,1032.5,1039.5,1011.5,1016.25,215735
zs,2024-10-09,1015.0,1027.25,1011.5,1020.25,185293
zs,2024-10-10,1019.75,1025.5,1011.75,1014.75,158953
zs,2024-10-11,1014.5,1023.75,1004.0,1005.5,213825
zs,2024-10-14,1002.0,1008.5,995.5,996.0,165943
zs,2024-10-15,995.0,996.0,981.0,991.0,239187
zs,2024-10-16,991.0,1001.5,978.25,980.0,247535
zs,2024-10-17,978.75,991.25,968.25,988.75,236377
zs,2024-10-18,989.5,995.5,969.25,970.0,229536
zs,2024-10-21,970.0,983.75,969.0,981.0,184725
zs,2024-10-22,980.5,997.0,976.75,991.75,185249
zs,2024-10-23,992.0,999.75,985.0,997.5,157963
zs,2024-10-24,997.5,1012.25,994.25,996.25,190684
zs,2024-10-25,996.25,996.25,984.0,987.75,143812
zs,2024-10-28,984.0,985.5,973.5,974.0,109011
zs,2024-10-29,974.75,980.5,965.0,965.25,82001
zs,2024-10-30,965.0,979.0,963.75,976.5,57700
zs,2024-10-31,977.5,985.5,975.5,982.5,7820
zs,2024-11-01,984.25,997.25,978.25,982.5,3051
zs,2024-11-04,990.0,995.0,982.5,987.25,1524
zs,2024-11-05,992.25,996.75,991.0,993.75,629
zs,2024-11-06,991.75,997.5,973.0,994.5,391
zs,2024-11-07,997.0,1015.5,989.75,1015.5,545
zs,2024-11-08,1015.0,1030.0,1006.0,1016.75,427
zs,2024-11-11,1020.75,1025.75,1011.0,1011.75,212
zs,2024-11-12,1011.75,1011.75,998.75,1003.5,209
zs,2024-11-13,1001.25,1004.25,999.0,1004.25,86
zs,2024-11-14,990.25,990.25,985.75,985.75,152378
zs,2024-11-15,988.0,1005.25,987.25,998.5,140153
zs,2024-11-18,1002.5,1011.5,989.5,1009.75,107221
zs,2024-11-19,1009.75,1012.75,995.25,998.5,114559
zs,2024-11-20,998.5,1001.5,985.25,990.5,110520
zs,2024-11-21,991.0,998.75,976.25,977.75,145233
zs,2024-11-22,980.75,985.25,975.25,983.5,113875
zs,2024-11-25,987.5,993.25,983.0,985.75,100522
zs,2024-11-26,980.0,991.25,976.75,983.5,131739
zs,2024-11-27,984.0,994.25,983.25,988.75,134095
zs,2024-11-29,993.25,998.0,982.75,989.5,77392
zs,2024-12-02,989.5,990.5,977.5,985.25,124010
zs,2024-12-03,985.0,999.0,983.5,991.75,135065
zs,2024-12-04,991.5,992.0,980.5,983.75,113543
zs,2024-12-05,983.5,994.75,982.25,993.75,109222
zs,2024-12-06,993.0,997.5,987.75,993.75,150604
zs,2024-12-09,992.25,1003.5,985.75,990.0,155123
zs,2024-12-10,990.0,1000.0,988.5,994.75,162231
zs,2024-12-11,994.0,1001.0,988.0,995.5,177510
zs,2024-12-12,995.0,998.25,988.5,995.75,178084
zs,2024-12-13,994.25,995.0,986.0,988.25,97052
zs,2024-12-16,987.5,993.5,981.0,982.0,126195
zs,2024-12-17,982.5,986.25,970.5,976.75,170736
zs,2024-12-18,976.75,977.5,950.25,951.75,171410
zs,2024-12-19,950.25,964.75,945.25,963.0,170407
zs,2024-12-20,962.5,977.5,960.0,974.5,110119
zs,2024-12-23,974.5,979.25,968.0,969.5,73622
zs,2024-12-24,968.25,975.75,966.0,975.25,28802
zs,2024-12-26,979.0,989.75,975.0,988.0,70637
zs,2024-12-27,986.5,989.25,979.25,980.0,56059
zs,2024-12-30,983.5,994.75,974.75,982.0,39468
zs,2024-12-31,980.5,999.5,980.0,998.25,5238
zs,2025-01-02,996.5,1004.0,990.75,999.5,1299
zs,2025-01-03,1002.25,1002.25,978.75,981.0,912
zs,2025-01-06,982.75,997.5,982.75,992.5,598
zs,2025-01-07,991.0,993.25,982.5,992.25,265
zs,2025-01-08,994.0,994.0,985.75,987.5,308
zs,2025-01-09,982.75,992.25,980.5,992.25,168
zs,2025-01-10,992.0,1018.5,992.0,1013.5,435
zs,2025-01-13,1022.0,1044.0,1021.5,1041.5,202
zs,2025-01-14,1043.0,1049.0,1035.0,1043.0,220603
zs,2025-01-15,1046.0,1054.0,1039.75,1042.75,139448
zs,2025-01-16,1042.0,1042.75,1018.5,1019.0,162099
zs,2025-01-17,1019.0,1039.0,1019.0,1034.0,189419
zs,2025-01-21,1045.0,1068.0,1039.0,1067.25,215089
zs,2025-01-22,1066.0,1073.5,1051.75,1056.0,214743
zs,2025-01-23,1055.0,1076.25,1047.75,1065.5,148819
zs,2025-01-24,1051.0,1063.0,1046.75,1055.75,177241
zs,2025-01-27,1050.0,1051.0,1040.0,1045.0,127356
zs,2025-01-28,1042.75,1050.75,1041.0,1045.0,129003
zs,2025-01-29,1045.0,1061.75,1044.5,1060.5,128051
zs,2025-01-30,1060.0,1060.5,1042.0,1044.0,135406
zs,2025-01-31,1042.75,1052.0,1034.0,1042.0,154522
zs,2025-02-03,1032.0,1060.25,1031.75,1058.25,164396
zs,2025-02-04,1057.5,1077.25,1048.25,1075.0,182908
zs,2025-02-05,1073.5,1079.75,1053.0,1057.0,166300
zs,2025-02-06,1057.25,1066.5,1049.75,1060.5,129164
zs,2025-02-07,1060.5,1063.75,1047.5,1049.5,154226
zs,2025-02-10,1046.5,1052.25,1043.0,1049.5,128319
zs,2025-02-11,1049.0,1057.0,1041.5,1043.5,149758
zs,2025-02-12,1043.5,1047.0,1024.5,1027.75,171577
zs,2025-02-13,1028.5,1032.5,1024.0,1030.0,147392
zs,2025-02-14,1030.0,1046.75,1029.5,1036.0,120772
zs,2025-02-18,1033.0,1041.75,1026.0,1038.5,123334
zs,2025-02-19,1037.0,1047.75,1029.25,1031.75,133961
zs,2025-02-20,1032.25,1046.0,1031.75,1045.5,112590
zs,2025-02-21,1043.75,1049.25,1036.5,1039.5,115932
zs,2025-02-24,1038.25,1043.0,1027.0,1029.0,101531
zs,2025-02-25,1029.0,1035.0,1019.5,1031.25,117588
zs,2025-02-26,1030.0,1032.75,1021.25,1024.5,74754
zs,2025-02-27,1024.0,1034.0,1021.0,1022.75,37040
zs,2025-02-28,1023.25,1031.5,1011.0,1011.5,1982
zs,2025-03-03,1012.0,1014.5,995.25,998.25,2052
zs,2025-03-04,995.25,1000.25,978.0,984.0,928
zs,2025-03-05,991.0,998.75,983.25,997.75,276
zs,2025-03-06,999.0,1019.25,999.0,1014.0,416
zs,2025-03-07,1011.0,1015.0,1010.0,1010.25,112
zs,2025-03-10,1013.0,1013.0,999.75,999.75,89
zs,2025-03-11,998.0,1006.25,997.0,997.75,66
zs,2025-03-12,997.5,997.5,982.75,987.5,39
zs,2025-03-13,999.25,999.25,996.75,996.75,33
zs,2025-03-14,999.25,999.25,999.25,999.25,101125
zs,2025-03-17,1016.25,1021.75,1010.25,1015.5,80925
zs,2025-03-18,1015.0,1021.75,1011.25,1012.75,100675
zs,2025-03-19,1012.0,1016.0,1006.5,1008.25,124450
zs,2025-03-20,1009.0,1014.5,1004.0,1013.0,117385
zs,2025-03-21,1013.5,1016.75,1004.25,1009.75,101376
zs,2025-03-24,1010.0,1011.5,1003.25,1007.25,88648
zs,2025-03-25,1007.0,1007.75,998.25,1001.75,99523
zs,2025-03-26,1002.75,1008.75,997.5,1001.0,103851
zs,2025-03-27,1001.0,1017.75,999.75,1016.75,111192
zs,2025-03-28,1015.0,1023.5,1009.0,1023.0,120885
zs,2025-03-31,1023.0,1031.5,1013.25,1014.75,160036
zs,2025-04-01,1014.75,1034.75,1010.5,1034.25,167012
zs,2025-04-02,1032.0,1033.0,1024.5,1029.5,129992
zs,2025-04-03,1011.0,1020.25,1005.25,1011.5,169499
zs,2025-04-04,1011.0,1012.75,970.25,977.0,269757
zs,2025-04-07,971.75,993.5,969.5,983.0,272593
zs,2025-04-08,983.25,1002.25,982.5,992.75,216115
zs,2025-04-09,989.0,1015.5,987.5,1012.75,205523
zs,2025-04-10,1015.25,1029.5,1010.75,1029.0,192962
zs,2025-04-11,1026.5,1044.5,1021.75,1042.75,191945
zs,2025-04-14,1040.75,1049.5,1036.75,1041.75,117322
zs,2025-04-15,1040.5,1041.25,1030.75,1036.0,126985
zs,2025-04-16,1035.25,1045.75,1028.0,1038.75,113594
zs,2025-04-17,1038.0,1045.25,1032.0,1036.5,88269
zs,2025-04-21,1039.75,1043.75,1029.0,1029.5,56324
zs,2025-04-22,1030.75,1039.5,1030.0,1035.0,78848
zs,2025-04-23,1037.5,1046.0,1034.25,1040.25,105262
zs,2025-04-24,1042.0,1055.0,1039.0,1053.0,95258
zs,2025-04-25,1053.0,1058.0,1046.75,1049.75,80595
zs,2025-04-28,1049.5,1054.0,1041.5,1052.0,69123
zs,2025-04-29,1051.5,1052.75,1034.75,1041.0,38351
zs,2025-04-30,1040.5,1042.5,1028.25,1034.75,3242
zs,2025-05-01,1034.5,1043.0,1027.0,1040.25,2080
zs,2025-05-02,1039.5,1051.5,1039.5,1048.75,1388
zs,2025-05-05,1044.5,1046.5,1037.0,1038.0,682
zs,2025-05-06,1038.0,1038.0,1030.0,1034.75,282
zs,2025-05-07,1038.0,1045.0,1030.0,1030.5,204
zs,2025-05-08,1030.0,1039.0,1029.0,1036.75,61
zs,2025-05-09,1036.5,1048.0,1036.5,1044.0,53
zs,2025-05-12,1046.0,1066.0,1046.0,1066.0,75
zs,2025-05-13,1069.0,1071.0,1067.25,1067.25,31
zs,2025-05-14,1075.0,1075.0,1048.25,1067.0,124910
zs,2025-05-15,1073.0,1073.25,1046.0,1051.25,172955
zs,2025-05-16,1052.5,1059.75,1047.25,1050.0,114733
zs,2025-05-19,1050.25,1056.0,1045.75,1050.75,78345
zs,2025-05-20,1050.75,1056.75,1046.25,1053.0,92812
zs,2025-05-21,1052.75,1067.5,1052.75,1062.75,129770
zs,2025-05-22,1057.0,1070.75,1051.0,1067.5,114369
zs,2025-05-23,1071.0,1073.25,1055.5,1060.25,105119
zs,2025-05-27,1061.25,1067.75,1059.0,1062.5,85012
zs,2025-05-28,1061.75,1064.25,1047.5,1048.5,94732
zs,2025-05-29,1055.5,1055.75,1040.0,1051.75,121364
zs,2025-05-30,1049.0,1050.5,1040.25,1041.75,103024
zs,2025-06-02,1042.25,1042.75,1032.5,1033.5,110582
zs,2025-06-03,1034.5,1044.0,1032.75,1040.75,103958
zs,2025-06-04,1040.5,1053.0,1037.75,1045.0,136377
zs,2025-06-05,1044.75,1056.75,1040.0,1051.75,0
zs,2025-06-06,1050.75,1060.5,1047.0,1057.25,130387
zs,2025-06-09,1057.5,1061.75,1053.5,1056.0,120715
zs,2025-06-10,1057.25,1063.75,1055.75,1057.75,139464
zs,2025-06-11,1057.75,1062.75,1049.25,1050.5,159137
zs,2025-06-12,1049.0,1056.25,1038.5,1042.25,228330
zs,2025-06-13,1042.25,1071.0,1040.75,1069.75,211601
zs,2025-06-16,1069.5,1079.25,1064.25,1069.75,159294
zs,2025-06-17,1069.75,1075.25,1063.75,1074.0,132731
zs,2025-06-18,1072.25,1079.75,1069.5,1074.75,0
zs,2025-06-20,1074.0,1080.5,1067.0,1068.0,104762
zs,2025-06-23,1072.5,1073.75,1056.0,1058.75,105102
zs,2025-06-24,1055.0,1062.25,1046.25,1046.75,98635
zs,2025-06-25,1047.25,1054.75,1023.5,1025.25,114571
zs,2025-06-26,1027.25,1030.5,1017.25,1022.75,61878
zs,2025-06-27,1023.25,1034.25,1020.0,1027.75,26684
zs,2025-06-30,1030.0,1039.25,1018.25,1024.25,5015
zs,2025-07-01,1022.0,1026.5,1012.25,1024.75,1119
zs,2025-07-02,1027.25,1050.75,1027.25,1050.5,863
zs,2025-07-03,1055.25,1061.5,1050.5,1056.25,0
zs,2025-07-07,1040.75,1051.0,1030.25,1031.75,1227
zs,2025-07-08,1038.75,1040.5,1024.25,1024.25,239
zs,2025-07-09,1023.5,1023.5,1012.25,1012.25,18
zs,2025-07-10,1005.25,1013.0,1004.5,1012.5,48
zs,2025-07-11,1012.5,1015.5,1004.0,1004.0,22
zs,2025-07-14,1002.0,1002.0,997.0,997.0,41417
zs,2025-07-15,997.25,1002.5,993.0,995.0,31994
zs,2025-07-16,996.25,1014.5,996.0,1013.5,33432
zs,2025-07-17,1012.5,1022.5,1009.5,1021.5,36536
zs,2025-07-18,1021.25,1037.25,1020.25,1027.75,46931
zs,2025-07-21,1024.0,1028.5,1011.5,1015.0,36572
zs,2025-07-22,1016.0,1017.5,1005.0,1010.25,57095
zs,2025-07-23,1010.5,1019.25,1004.75,1005.75,56306
zs,2025-07-24,1005.0,1010.75,999.0,1004.25,68411
zs,2025-07-25,1004.75,1008.25,996.5,998.75,50674
zs,2025-07-28,995.0,996.25,986.75,988.75,59017
zs,2025-07-29,987.75,990.75,976.75,981.75,51072
zs,2025-07-30,982.0,984.0,967.5,967.75,26906
zs,2025-07-31,970.25,972.5,960.75,961.75,2159
zs,2025-08-01,962.0,965.25,961.75,961.75,446
zs,2025-08-04,969.5,970.25,968.25,969.0,484
zs,2025-08-05,969.0,970.25,968.0,969.0,306
zs,2025-08-06,973.75,977.5,961.5,961.5,142
zs,2025-08-07,966.0,971.75,966.0,971.75,22
zs,2025-08-08,968.5,975.75,966.75,966.75,206
zs,2025-08-11,988.0,991.75,988.0,989.5,26
zs,2025-08-12,978.5,1011.75,975.0,1011.75,157
zs,2025-08-13,1013.5,1025.5,1013.5,1023.5,59
zs,2025-08-14,1008.5,1008.5,1008.5,1008.5,27617
zs,2025-08-15,1008.5,1023.0,1005.75,1022.25,19843
zs,2025-08-18,1021.5,1027.0,1014.25,1020.75,17318
zs,2025-08-19,1021.5,1025.25,1009.75,1013.0,18605
zs,2025-08-20,1013.0,1019.25,1011.0,1015.0,14436
zs,2025-08-21,1015.0,1035.25,1011.5,1034.5,35172
zs,2025-08-22,1032.75,1040.5,1030.5,1036.5,23422
zs,2025-08-25,1036.0,1039.5,1023.5,1025.5,30733
zs,2025-08-26,1025.0,1034.5,1019.5,1028.75,23442
zs,2025-08-27,1028.25,1033.25,1024.0,1027.25,18842
zs,2025-08-28,1027.75,1030.75,1019.5,1028.25,19385
zs,2025-08-29,1028.0,1037.0,1024.0,1036.75,0
zs,2025-09-02,1035.0,1035.0,1019.5,1025.75,1134
zs,2025-09-03,1019.25,1019.75,1015.5,1016.0,583
zs,2025-09-04,1012.0,1012.0,1007.5,1012.0,409
zs,2025-09-05,1015.0,1015.0,1006.5,1006.5,127
zs,2025-09-08,1007.5,1013.5,1005.5,1013.5,65
zs,2025-09-09,1011.5,1011.5,1011.5,1011.5,18
zs,2025-09-10,1007.75,1009.75,1005.5,1005.5,20
zs,2025-09-11,1015.25,1015.25,1015.25,1015.25,17
zs,2025-09-12,1025.75,1025.75,1025.75,1025.75,185166
zs,2025-09-15,1043.0,1051.25,1039.75,1042.75,119751
zs,2025-09-16,1043.0,1052.5,1041.75,1049.75,109074
zs,2025-09-17,1049.25,1052.75,1042.0,1043.75,106461
zs,2025-09-18,1043.75,1044.5,1035.25,1037.5,99218
zs,2025-09-19,1038.5,1047.75,1024.0,1025.5,184812
zs,2025-09-22,1024.25,1025.0,1006.25,1011.0,188011
zs,2025-09-23,1010.75,1015.5,1005.0,1012.0,147291
zs,2025-09-24,1011.25,1020.25,1005.75,1009.0,155373
zs,2025-09-25,1008.5,1017.0,1006.5,1012.25,132635
zs,2025-09-26,1012.0,1015.75,1008.75,1013.75,103466
zs,2025-09-29,1011.75,1013.75,1006.0,1010.5,103672
zs,2025-09-30,1009.25,1009.25,1000.5,1001.75,160384
zs,2025-10-01,1000.25,1020.0,993.75,1013.0,207983
zs,2025-10-02,1013.0,1025.5,1008.25,1023.75,169691
zs,2025-10-03,1021.0,1028.75,1016.5,1018.0,137811
zs,2025-10-06,1015.25,1023.25,1014.0,1017.75,117346
zs,2025-10-07,1017.0,1025.5,1016.0,1022.0,153295
zs,2025-10-08,1021.25,1030.0,1020.0,1029.5,199782
zs,2025-10-09,1029.0,1030.0,1020.75,1022.25,212396
zs,2025-10-10,1021.5,1024.75,1002.5,1006.75,239699
zs,2025-10-13,1006.0,1013.0,1003.0,1007.75,239699
zs,2025-10-14,1007.0,1009.75,1001.0,1006.5,143602
zs,2025-10-15,1006.5,1011.75,1002.0,1006.5,147308
zs,2025-10-16,1006.25,1019.75,1006.0,1010.75,145818
zs,2025-10-17,1010.75,1021.5,1010.5,1019.5,163412
zs,2025-10-20,1020.0,1033.75,1019.75,1031.75,183111
zs,2025-10-21,1031.75,1038.0,1027.75,1030.75,173746
zs,2025-10-22,1030.0,1038.0,1027.5,1034.75,206187
zs,2025-10-23,1034.75,1045.0,1033.5,1044.75,145526
zs,2025-10-24,1044.25,1045.5,1040.75,1041.75,154262
zs,2025-10-27,1052.5,1072.75,1052.25,1067.25,178679
zs,2025-10-28,1066.5,1091.5,1065.25,1078.25,136145
zs,2025-10-29,1075.75,1084.75,1068.5,1080.25,83363
zs,2025-10-30,1077.5,1101.0,1057.0,1091.25,54356
zs,2025-10-31,1089.25,1100.0,1085.25,1099.75,7984
zs,2025-11-03,1099.0,1120.75,1099.0,1119.75,0
zs,2025-11-04,1116.5,1119.0,1100.75,1108.25,1309
zs,2025-11-05,1106.25,1120.25,1106.25,1119.75,1495
zs,2025-11-06,1115.0,1115.0,1090.0,1091.75,662
zs,2025-11-07,1093.5,1102.5,1093.25,1101.75,350
zs,2025-11-10,1106.25,1116.0,1106.25,1116.0,635
zs,2025-11-11,1110.5,1115.0,1106.0,1113.25,196
zs,2025-11-12,1120.75,1120.75,1110.0,1120.5,99
zs,2025-11-13,1120.25,1135.75,1115.5,1132.0,148
zs,2025-11-14,1133.0,1138.75,1112.75,1112.75,217050
zs,2025-11-17,1120.0,1160.25,1114.25,1157.25,233035
zs,2025-11-18,1155.5,1169.5,1147.75,1153.5,186560
zs,2025-11-19,1152.25,1152.5,1135.0,1136.25,118644
zs,2025-11-20,1135.5,1142.75,1121.5,1122.5,128502
zs,2025-11-21,1122.5,1127.5,1113.25,1125.0,123067
zs,2025-11-24,1128.25,1131.0,1116.25,1123.25,109625
zs,2025-11-25,1121.75,1128.75,1117.25,1124.75,115334
zs,2025-11-26,1125.5,1135.25,1122.75,1131.5,104778
zs,2025-11-28,1131.75,1138.75,1129.75,1137.75,38009
zs,2025-12-01,1140.0,1142.25,1127.0,1128.0,117117
zs,2025-12-02,1126.5,1135.75,1123.25,1124.75,134455
zs,2025-12-03,1125.25,1130.75,1115.5,1115.75,127538
zs,2025-12-04,1117.0,1124.5,1114.0,1119.5,134989
zs,2025-12-05,1119.25,1121.0,1104.5,1105.25,140332
zs,2025-12-08,1105.0,1107.5,1092.25,1093.75,170570
zs,2025-12-09,1093.75,1094.75,1084.5,1087.25,185665
zs,2025-12-10,1087.5,1093.25,1081.5,1091.25,148748
zs,2025-12-11,1091.0,1096.0,1086.25,1093.5,149794
zs,2025-12-12,1093.0,1094.5,1075.75,1076.75,131283
zs,2025-12-15,1074.5,1080.0,1067.0,1071.75,184066
zs,2025-12-16,1072.0,1076.25,1059.5,1062.75,138914
zs,2025-12-17,1063.5,1067.5,1053.5,1058.25,130593
zs,2025-12-18,1058.25,1061.25,1051.0,1052.25,115444
zs,2025-12-19,1052.25,1054.0,1047.0,1049.25,101057
zs,2025-12-22,1048.5,1056.0,1048.5,1053.25,102352
zs,2025-12-23,1053.5,1057.75,1049.75,1051.5,98420
zs,2025-12-24,1051.25,1064.75,1050.75,1063.25,48593
zs,2025-12-26,1067.0,1069.25,1057.0,1058.75,43839
zs,2025-12-29,1060.5,1063.5,1049.0,1049.5,61737
zs,2025-12-30,1049.5,1053.5,1044.0,1046.25,38187
zs,2025-12-31,1045.0,1046.75,1030.0,1030.5,5656
zs,2026-01-02,1030.0,1030.0,1022.0,1029.5,1541
zs,2026-01-05,1036.75,1048.0,1035.75,1047.25,1159
zs,2026-01-06,1048.25,1053.0,1042.0,1042.0,527
zs,2026-01-07,1044.75,1055.0,1044.75,1052.75,233
zs,2026-01-08,1050.25,1053.0,1047.0,1047.0,183
zs,2026-01-09,1047.5,1053.0,1047.5,1048.5,73
zs,2026-01-12,1053.75,1056.5,1033.0,1033.0,101
zs,2026-01-13,1029.25,1029.75,1023.25,1023.25,83
zs,2026-01-14,1027.25,1033.25,1027.25,1030.5,120636
zs,2026-01-15,1043.5,1058.25,1041.5,1053.0,145382
zs,2026-01-16,1053.0,1059.0,1047.75,1057.75,106931
zs,2026-01-20,1053.0,1061.75,1052.0,1053.0,113531
zs,2026-01-21,1053.25,1069.25,1053.0,1064.5,135831
zs,2026-01-22,1064.5,1072.5,1060.5,1064.0,137094
zs,2026-01-23,1063.5,1071.5,1061.25,1067.75,92591
zs,2026-01-26,1067.75,1076.25,1059.75,1061.75,97874
zs,2026-01-27,1060.25,1069.5,1058.5,1067.25,81662
zs,2026-01-28,1067.25,1084.75,1067.0,1075.0,144498
zs,2026-01-29,1075.0,1085.5,1069.0,1072.25,144858
zs,2026-01-30,1072.5,1074.0,1061.0,1064.25,139897
zs,2026-02-02,1063.5,1064.0,1051.75,1060.25,116096
zs,2026-02-03,1060.5,1071.0,1060.0,1065.75,120567
zs,2026-02-04,1066.75,1115.25,1059.5,1092.25,378682
zs,2026-02-05,1090.25,1113.25,1086.75,1112.25,264645
zs,2026-02-06,1108.5,1137.75,1102.0,1115.25,320174
zs,2026-02-09,1112.25,1116.25,1106.0,1110.75,178112
zs,2026-02-10,1110.0,1124.0,1106.25,1122.5,189639
zs,2026-02-11,1122.5,1128.25,1113.0,1124.0,164105
zs,2026-02-12,1129.5,1141.5,1128.5,1137.25,211362
zs,2026-02-13,1136.0,1139.5,1122.0,1133.0,149612
zs,2026-02-17,1132.25,1139.25,1125.75,1134.0,111218
zs,2026-02-18,1135.0,1144.0,1127.75,1133.5,112939
zs,2026-02-19,1132.25,1142.0,1129.25,1141.0,89799
zs,2026-02-20,1141.0,1148.25,1121.5,1137.5,127824
zs,2026-02-23,1134.0,1148.5,1127.5,1134.25,124820
zs,2026-02-24,1134.5,1141.5,1128.0,1139.5,80634
zs,2026-02-25,1138.75,1150.0,1132.25,1148.25,61256
zs,2026-02-26,1147.75,1156.0,1129.25,1147.75,33914
zs,2026-02-27,1147.5,1161.0,1146.0,1157.25,3391
zs,2026-03-02,1165.0,1169.75,1146.5,1150.0,1303
zs,2026-03-03,1153.0,1169.25,1149.5,1155.75,1168
zs,2026-03-04,1157.5,1159.0,1152.0,1154.5,498
zs,2026-03-05,1159.5,1165.25,1153.5,1163.75,370
zs,2026-03-06,1170.0,1185.0,1170.0,1185.0,183
zs,2026-03-09,1195.5,1214.75,1178.75,1180.5,130
zs,2026-03-10,1180.0,1191.25,1174.75,1187.25,107
zs,2026-03-11,1202.75,1211.75,1200.5,1200.5,148
zs,2026-03-12,1215.75,1223.25,1213.0,1213.0,69
zs,2026-03-13,1200.25,1211.0,1200.25,1211.0,143763
zs,2026-03-16,1214.0,1214.0,1155.25,1155.25,246832
zs,2026-03-17,1147.0,1170.5,1145.25,1157.0,226253
zs,2026-03-18,1156.25,1165.25,1148.0,1161.75,127547
zs,2026-03-19,1165.0,1173.5,1157.0,1168.5,126121
zs,2026-03-20,1166.0,1176.0,1159.5,1161.25,97252
zs,2026-03-23,1160.0,1171.5,1152.5,1163.5,106430
zs,2026-03-24,1164.25,1166.75,1153.75,1155.0,110638
zs,2026-03-25,1153.5,1176.75,1151.5,1171.75,120496
zs,2026-03-26,1173.0,1179.75,1167.0,1173.75,101877
zs,2026-03-27,1172.0,1178.75,1155.75,1159.25,115720
zs,2026-03-30,1165.0,1170.0,1158.25,1159.75,82484
zs,2026-03-31,1159.0,1177.75,1156.0,1171.0,125889
zs,2026-04-01,1171.5,1174.75,1153.0,1168.5,112701
zs,2026-04-02,1167.25,1174.25,1162.0,1163.5,0
zs,2026-04-06,1164.5,1169.75,1158.75,1166.75,62851
zs,2026-04-07,1164.75,1170.5,1155.25,1158.25,105838
zs,2026-04-08,1152.0,1163.0,1140.5,1162.0,142190
zs,2026-04-09,1162.0,1170.5,1159.75,1165.25,125074
zs,2026-04-10,1166.5,1179.25,1164.5,1175.75,149588
zs,2026-04-13,1177.0,1183.75,1160.0,1162.25,150296
zs,2026-04-14,1160.5,1168.5,1156.0,1158.0,129741
zs,2026-04-15,1156.75,1171.0,1156.75,1167.0,160531
zs,2026-04-16,1165.75,1170.0,1162.25,1163.75,132169
zs,2026-04-17,1162.75,1167.5,1151.5,1167.25,124953
zs,2026-04-20,1167.25,1171.75,1161.0,1165.75,81179
zs,2026-04-21,1165.5,1178.5,1165.0,1174.5,103908
zs,2026-04-22,1175.0,1184.75,1162.75,1164.5,113573
zs,2026-04-23,1165.0,1168.5,1157.5,1159.75,106571
zs,2026-04-24,1160.25,1164.25,1156.75,1163.75,68471
zs,2026-04-27,1162.0,1179.75,1162.0,1177.25,81448
zs,2026-04-28,1175.75,1177.75,1167.0,1173.0,91445
zs,2026-04-29,1173.25,1183.75,1171.0,1182.25,38803
zs,2026-04-30,1182.5,1190.0,1175.5,1182.0,3372
zs,2026-05-01,1179.75,1188.0,1178.75,1187.75,2046
zs,2026-05-04,1192.75,1210.75,1192.75,1207.5,845
zs,2026-05-05,1215.25,1215.25,1194.5,1195.75,540
zs,2026-05-06,1196.25,1196.25,1175.0,1179.0,252
zs,2026-05-07,1176.0,1178.5,1167.5,1177.0,276
zs,2026-05-08,1180.25,1194.5,1180.25,1194.25,151
zs,2026-05-11,1197.0,1209.25,1197.0,1199.75,115
zs,2026-05-12,1204.0,1213.5,1203.0,1213.5,94
zs,2026-05-13,1213.75,1222.0,1209.5,1215.25,126
zs,2026-05-14,1210.25,1210.25,1174.5,1174.5,274891
zs,2026-05-15,1193.75,1202.0,1172.25,1177.0,172123
zs,2026-05-18,1202.25,1218.5,1191.0,1213.0,189268
zs,2026-05-19,1213.0,1220.75,1208.0,1209.5,107278
zs,2026-05-20,1210.0,1212.0,1196.0,1199.75,105957
zs,2026-05-21,1199.0,1204.0,1191.0,1194.25,100858
zs,2026-05-22,1193.75,1201.5,1190.5,1196.5,79295
zs,2026-05-26,1192.0,1193.5,1184.5,1186.0,95376
zs,2026-05-27,1185.5,1191.25,1179.75,1185.25,96239
zs,2026-05-28,1186.0,1196.0,1185.0,1194.5,108394
zs,2026-05-29,1198.0,1200.75,1182.75,1186.75,122544
zs,2026-06-01,1186.75,1194.5,1177.75,1180.75,109000
zs,2026-06-02,1181.5,1182.75,1163.0,1165.25,150085
zs,2026-06-03,1167.5,1172.75,1152.5,1154.0,146845
zs,2026-06-04,1153.25,1155.25,1120.5,1129.5,169190
zs,2026-06-05,1130.25,1132.25,1117.5,1121.5,165660
zs,2026-06-08,1122.25,1125.25,1111.25,1115.75,146893
zs,2026-06-09,1116.25,1118.5,1110.25,1113.75,153585
zs,2026-06-10,1113.75,1129.75,1113.0,1123.0,159784
zs,2026-06-11,1123.5,1125.0,1108.25,1115.0,138491
zs,2026-06-12,1115.0,1119.75,1109.25,1113.5,78465
zs,2026-06-15,1111.0,1119.75,1102.5,1119.25,105184
zs,2026-06-16,1119.0,1138.5,1107.5,1130.0,130321
zs,2026-06-17,1130.0,1140.5,1128.25,1132.0,87007
zs,2026-06-18,1132.0,1134.75,1118.5,1122.75,88659
zs,2026-06-22,1125.0,1130.5,1115.0,1115.75,122725
zs,2026-06-23,1116.25,1123.75,1114.0,1117.0,99709
zs,2026-06-24,1117.0,1121.0,1107.0,1108.75,82057
zs,2026-06-25,1107.0,1131.25,1104.5,1127.5,88122
zs,2026-06-26,1127.5,1128.0,1118.75,1126.25,70484
zs,2026-06-29,1124.75,1124.75,1106.5,1108.75,40404
zs,2026-06-30,1109.0,1127.5,1098.75,1116.75,3252
zs,2026-07-01,1115.0,1133.0,1114.0,1126.25,692
zs,2026-07-02,1126.25,1135.5,1126.25,1131.75,1045
zs,2026-07-06,1139.25,1186.5,1139.25,1182.25,337
zs,2026-07-07,1180.5,1200.25,1178.5,1196.75,310
zs,2026-07-08,1194.0,1207.75,1194.0,1195.0,46
zs,2026-07-09,1193.0,1197.0,1179.75,1179.75,78
zs,2026-07-10,1190.0,1197.5,1184.5,1196.5,46
zs,2026-07-13,1204.25,1208.0,1201.5,1202.0,63
zs,2026-07-14,1210.0,1210.0,1206.75,1207.25,36368
zs,2026-07-15,1191.0,1204.75,1185.0,1202.25,43372
zs,2026-07-16,1202.0,1207.75,1193.25,1195.0,36978
zs,2026-07-17,1195.0,1205.25,1186.75,1204.5,29949
zs,2026-07-20,1210.0,1231.75,1209.0,1226.0,42326
zs,2026-07-21,1220.0,1227.5,1211.25,1219.5,48306
zs,2026-07-22,1219.0,1238.0,1216.5,1233.0,53580
zs,2026-07-23,1232.0,1242.0,1230.5,1237.5,43966
zs,2026-07-24,1236.75,1250.5,1232.5,1248.0,50033
zs,2026-07-27,1240.5,1244.75,1205.5,1208.5,41284
zs,2026-07-28,1210.25,1217.0,1202.25,1212.0,47641
zs,2026-07-29,1213.5,1217.25,1175.5,1178.0,28402
zs,2026-07-30,1178.0,1184.75,1169.0,1177.25,18767
zs,2026-07-31,1177.0,1181.0,1166.75,1172.0,3019
zs,2026-08-03,1163.75,1175.5,1163.75,1168.75,1493
zs,2026-08-04,1172.0,1173.0,1149.25,1155.0,587
zs,2026-08-05,1149.25,1152.25,1146.25,1151.5,70
zs,2026-08-06,1151.75,1157.5,1151.25,1157.25,135
zs,2026-08-07,1165.5,1165.5,1156.5,1156.5,59
zs,2026-08-10,1160.5,1161.5,1157.75,1157.75,28
zs,2026-08-11,1152.25,1152.25,1145.5,1147.5,6
zs,2026-08-12,1155.0,1168.0,1155.0,1164.75,44
zs,2026-08-13,1165.75,1168.25,1165.5,1168.25,140
zs,2026-08-14,1173.75,1173.75,1173.75,1173.75,18241
zs,2026-08-17,1178.5,1203.0,1173.5,1201.0,29146
zs,2026-08-18,1199.75,1215.25,1198.25,1200.75,21476
zs,2026-08-19,1199.25,1224.5,1198.25,1222.25,21836
zs,2026-08-20,1221.0,1228.25,1218.5,1220.75,21217
zs,2026-08-21,1218.75,1225.75,1209.75,1225.0,20499
zs,2026-08-24,1224.75,1225.75,1205.25,1216.0,35626
zs,2026-08-25,1215.0,1229.5,1209.5,1228.0,19938
zs,2026-08-26,1228.5,1259.25,1223.25,1254.25,17322
zs,2026-08-27,1250.5,1260.5,1239.75,1256.5,9338
zs,2026-08-28,1257.5,1278.25,1257.5,1276.25,7638
zs,2026-08-31,1274.5,1278.5,1266.0,1275.25,340
zs,2026-09-01,1304.0,1306.75,1304.0,1306.75,214
zs,2026-09-02,1300.75,1301.75,1293.75,1301.75,200
zs,2026-09-03,1295.5,1306.25,1284.0,1306.25,183
zs,2026-09-04,1308.0,1308.0,1293.75,1293.75,26
zs,2026-09-08,1298.0,1302.5,1297.75,1302.5,53
zs,2026-09-09,1303.5,1307.0,1295.25,1295.25,21
zs,2026-09-10,1300.75,1318.25,1300.75,1316.0,6
zs,2026-09-11,1296.0,1296.0,1280.25,1280.25,6
