asset_id,trade_date,close,volume,open_interest,data_source,data_status
es,2026-10-08,7816.25,1399667,,yahoo,verified
nq,2026-10-08,30969.5,509635,,yahoo,verified
if,2026-10-08,4248.0,57858,173867.0,akshare_sina,verified
hti,2026-10-07,4.111999988555908,944316187,,yahoo,verified
zn,2026-10-08,104.71875,2586361,,yahoo,verified
t,2026-10-08,109.36,116430,374999.0,akshare_sina,verified
gc,2026-10-08,4157.0,163894,,yahoo,verified
si,2026-10-08,59.06399917602539,446,,yahoo,verified
hg,2026-10-08,6.519000053405762,1157,,yahoo,verified
al,2026-10-08,23385.0,171669,270233.0,akshare_sina,verified
i,2026-10-08,682.5,301115,605201.0,akshare_sina,verified
lc,2026-10-08,117300.0,227730,409678.0,akshare_sina,verified
cc,2026-10-08,5665.0,16284,,yahoo,warning
kc,2026-10-08,289.04998779296875,18777,,yahoo,warning
sr,2026-10-08,5475.0,548200,548793.0,akshare_sina,verified
cl,2026-10-08,91.48999786376953,295162,,yahoo,verified
brn,2026-10-08,104.27999877929688,47830,,yahoo,verified
ng,2026-10-08,3.1679999828338623,265951,,yahoo,warning
dx,2026-10-08,102.13999938964844,0,,yahoo,verified
zs,2026-10-08,1287.5,182997,,yahoo,verified
btc,2026-10-07,83275.9296875,38737709051,,yahoo,verified
eth,2026-10-07,2573.52734375,20082324906,,yahoo,verified
