asset_id,trade_date,close,direction,status,b,atr14,delta,delta_source,structure_multiple,zone_low,zone_high,invalidation,distance_to_b_atr,signed_distance_to_b_atr,t1,t2,t3,ema_fast,ema_slow,history_rows,data_status,data_note,price_source
es,2026-09-30,7715.5,long,等待,7848.5,76.95405167866747,384.7702583933374,5×ATR回退,,7829.261487080333,7886.977025839334,7509.25,1.7283040606537563,-1.7283040606537563,8233.270258393337,8618.040516786674,9002.810775180013,7716.356342980104,7640.945859373971,1257,verified,结构完整,yahoo
nq,2026-09-30,30698.75,long,等待,31094.75,465.46453100802705,2327.322655040135,5×ATR回退,,30978.383867247994,31327.482265504015,28763.75,0.8507629982942156,-0.8507629982942156,33422.07265504014,35749.39531008027,38076.717965120406,30116.79843799742,29590.71787658682,1257,verified,结构完整,yahoo
if,2026-09-30,4300.8,short,等待,4246.0,66.57327251122443,345.5999999999999,历史结构位,5.191272517686897,4212.713363744388,4262.643318127806,4520.0,0.8231531654202632,-0.8231531654202632,3900.4,3554.8,3209.2000000000003,4425.710803120349,4537.225598184831,2356,verified,结构完整,akshare_sina
hti,2026-09-29,4.1519999504089355,short,进入候选区,4.1620001792907715,0.08320484704976872,0.4160242352488436,5×ATR回退,,4.120397755765887,4.182801391053213,4.420000076293945,0.12018805678297001,0.12018805678297001,3.745975944041928,3.329951708793084,2.913927473544241,4.312600459936146,4.472965966177594,1226,verified,结构完整,yahoo
zn,2026-09-30,104.203125,short,接近触发,104.171875,0.5601026733447331,2.8005133667236652,5×ATR回退,,103.89182366332763,104.31190066833618,106.609375,0.0557933419838655,-0.0557933419838655,101.37136163327634,98.57084826655267,95.77033489982901,105.91505558401226,107.4837745138899,1257,verified,结构完整,yahoo
t,2026-09-30,109.415,long,等待,109.66,0.11860343596135363,0.5930171798067682,5×ATR回退,,109.63034914100966,109.71930171798067,109.375,2.0657074393681345,-2.0657074393681345,110.25301717980676,110.84603435961353,111.4390515394203,109.49216806045558,109.36545543636039,2356,verified,结构完整,akshare_sina
gc,2026-09-30,4186.7001953125,short,接近触发,4143.10009765625,99.30327072861859,482.60009765625,历史结构位,4.859861051053655,4093.448462291941,4167.925915338405,4439.7998046875,0.43906003635472124,-0.43906003635472124,3660.5,3177.89990234375,2695.2998046875,4337.141123269672,4362.716360539538,1257,verified,结构完整,yahoo
si,2026-09-30,60.097999572753906,short,进入候选区,60.494998931884766,1.5170679340658337,5.479999542236328,历史结构位,3.6122308165525574,59.73646496485185,60.874265915401224,66.94000244140625,0.2616885837583272,0.2616885837583272,55.01499938964844,49.53499984741211,44.05500030517578,63.906610957659495,64.71611617609875,1256,verified,结构完整,yahoo
hg,2026-09-30,6.559000015258789,long,等待,6.829999923706055,0.10001338473920406,0.5000669236960202,5×ATR回退,,6.804996577521254,6.880006616075657,6.349999904632568,2.7096364067062404,-2.7096364067062404,7.330066847402075,7.830133771098096,8.330200694794115,6.590553183824139,6.499417401870724,1257,verified,结构完整,yahoo
al,2026-09-30,23830.0,long,等待,24675.0,227.38791533270808,1265.0,历史结构位,5.56318042737269,24618.15302116682,24788.693957666354,23935.0,3.71611657006318,-3.71611657006318,25940.0,27205.0,28470.0,24115.37313371621,23974.825894774363,5290,verified,结构完整,akshare_sina
i,2026-09-30,702.5,short,接近触发,698.0,10.897965710005565,40.5,历史结构位,3.7162899093008175,692.5510171449972,700.7244914275013,720.0,0.41292110103342416,-0.41292110103342416,657.5,617.0,576.5,712.9616163097168,724.984368299299,3151,verified,结构完整,akshare_sina
lc,2026-09-30,118420.0,short,接近触发,116960.0,5880.311132144774,26960.0,历史结构位,4.584791415648556,114019.84443392762,118430.07778303619,135300.0,0.24828618200470665,-0.24828618200470665,90000.0,63040.0,36080.0,132041.00606549357,143699.22964026345,776,verified,结构完整,akshare_sina
cc,2026-09-30,5367.0,long,等待,6603.0,235.46020078995528,1041.0,历史结构位,4.421129331018599,6544.134949802511,6720.730100394978,5111.0,5.249294767664734,-5.249294767664734,7644.0,8685.0,9726.0,5672.032924002575,5553.15439588184,1256,warning,24日结算价在成交区间外,yahoo
kc,2026-09-30,290.70001220703125,short,等待,269.75,9.613330089856165,48.06665044928082,5×ATR回退,,264.9433349550719,272.15333252246404,295.8500061035156,2.1792669149202912,-2.1792669149202912,221.68334955071919,173.61669910143837,125.55004865215753,298.68673271023374,312.37960420822725,1257,warning,32日结算价在成交区间外,yahoo
sr,2026-09-30,5354.0,long,等待,5510.0,49.17353759852398,193.0,历史结构位,3.9248752362651493,5497.706615600369,5534.586768799262,5305.0,3.172438014804991,-3.172438014804991,5703.0,5896.0,6089.0,5368.24985499932,5336.152935060099,5034,verified,结构完整,akshare_sina
cl,2026-09-30,90.41999816894531,long,等待,106.75,4.611524602711699,23.057623013558498,5×ATR回退,,105.59711884932207,109.05576230135586,88.70999908447266,3.5411286370351815,-3.5411286370351815,129.8076230135585,152.865246027117,175.9228690406755,93.45032048380708,89.34270974569517,1256,verified,结构完整,yahoo
brn,2026-09-30,103.52999877929688,long,等待,110.19000244140625,4.463005415802243,15.909996032714844,历史结构位,3.5648614667555716,109.07425108745569,112.42150514930736,97.36000061035156,1.4922687833916088,-1.4922687833916088,126.0999984741211,142.00999450683594,157.91999053955078,101.54443889221768,95.59451303907966,1257,verified,结构完整,yahoo
ng,2026-09-30,3.0260000228881836,long,等待,3.316999912261963,0.1350046405453172,0.7330002784729004,历史结构位,5.4294450584226635,3.2832487521256337,3.3845022325346217,2.816999912261963,2.1554806427272326,-2.1554806427272326,4.050000190734863,4.783000469207764,5.516000747680664,2.9712742278043747,2.9283919427263165,1257,warning,1次异常跳变,yahoo
dx,2026-09-30,101.44999694824219,long,接近触发,101.61000061035156,0.4407149366054593,2.4799957275390625,历史结构位,5.62721051989038,101.4998218762002,101.83035807865429,99.54000091552734,0.3630547749113729,-0.3630547749113729,104.08999633789062,106.56999206542969,109.04998779296875,100.42879125372264,100.0541173261707,1256,verified,结构完整,yahoo
zs,2026-09-30,1293.0,long,等待,1332.25,21.028368679133102,105.14184339566552,5×ATR回退,,1326.9929078302168,1342.7641843395666,1279.25,1.8665261485047393,-1.8665261485047393,1437.3918433956655,1542.533686791331,1647.6755301869966,1296.1853286258524,1249.3063458407194,1255,verified,结构完整,yahoo
btc,2026-09-30,83553.8515625,long,等待,87363.7578125,2234.2730203300653,10496.84375,历史结构位,4.698102539164761,86805.18955741749,88480.89432266503,80098.7734375,1.7052106950820045,-1.7052106950820045,97860.6015625,108357.4453125,118854.2890625,81954.92688693565,76730.75210020611,1826,verified,结构完整,yahoo
eth,2026-09-30,2683.679443359375,long,等待,2805.4990234375,90.54471505821293,433.056396484375,历史结构位,4.782790427977544,2782.8628446729467,2850.7713809666066,2564.4326171875,1.3454079567184551,-1.3454079567184551,3238.555419921875,3671.61181640625,4104.668212890625,2618.5818119616406,2399.0755082549836,1826,verified,结构完整,yahoo
