date,precip_mm,surface_wetness,root_wetness
2016-01-01,0.0,0.52,0.54
2016-01-02,0.0,0.52,0.54
2016-01-03,0.0,0.52,0.54
2016-01-04,0.0,0.52,0.53
2016-01-05,0.0,0.51,0.53
2016-01-06,0.0,0.51,0.53
2016-01-07,0.06,0.5,0.53
2016-01-08,0.06,0.5,0.53
2016-01-09,0.23,0.5,0.53
2016-01-10,0.77,0.51,0.53
2016-01-11,0.17,0.51,0.53
2016-01-12,0.0,0.5,0.53
2016-01-13,0.0,0.49,0.53
2016-01-14,0.0,0.49,0.53
2016-01-15,1.2,0.49,0.53
2016-01-16,1.87,0.53,0.53
2016-01-17,0.0,0.5,0.53
2016-01-18,0.68,0.5,0.53
2016-01-19,11.16,0.58,0.53
2016-01-20,3.71,0.61,0.55
2016-01-21,0.08,0.54,0.55
2016-01-22,0.03,0.53,0.55
2016-01-23,16.54,0.64,0.55
2016-01-24,2.19,0.61,0.57
2016-01-25,0.09,0.57,0.57
2016-01-26,0.0,0.56,0.56
2016-01-27,0.01,0.56,0.56
2016-01-28,0.0,0.55,0.55
2016-01-29,0.0,0.54,0.55
2016-01-30,0.08,0.53,0.54
2016-01-31,0.11,0.52,0.54
2016-02-01,0.03,0.51,0.54
2016-02-02,0.0,0.52,0.53
2016-02-03,0.0,0.51,0.53
2016-02-04,0.0,0.51,0.53
2016-02-05,0.0,0.5,0.53
2016-02-06,0.0,0.49,0.53
2016-02-07,0.0,0.49,0.52
2016-02-08,0.0,0.48,0.52
2016-02-09,0.0,0.47,0.52
2016-02-10,0.0,0.46,0.52
2016-02-11,0.0,0.45,0.52
2016-02-12,0.0,0.43,0.52
2016-02-13,0.0,0.43,0.52
2016-02-14,0.0,0.42,0.51
2016-02-15,0.0,0.41,0.51
2016-02-16,0.0,0.4,0.51
2016-02-17,0.0,0.4,0.51
2016-02-18,0.0,0.4,0.51
2016-02-19,0.0,0.39,0.51
2016-02-20,0.0,0.39,0.51
2016-02-21,0.0,0.38,0.51
2016-02-22,0.0,0.38,0.51
2016-02-23,0.0,0.38,0.51
2016-02-24,0.0,0.37,0.51
2016-02-25,0.0,0.37,0.51
2016-02-26,0.0,0.37,0.51
2016-02-27,0.0,0.38,0.51
2016-02-28,0.0,0.37,0.51
2016-02-29,0.0,0.37,0.51
2016-03-01,0.0,0.36,0.5
2016-03-02,0.0,0.36,0.5
2016-03-03,0.0,0.36,0.5
2016-03-04,0.0,0.35,0.5
2016-03-05,0.0,0.35,0.5
2016-03-06,0.01,0.35,0.5
2016-03-07,0.0,0.35,0.5
2016-03-08,0.0,0.35,0.5
2016-03-09,0.0,0.34,0.5
2016-03-10,0.0,0.33,0.5
2016-03-11,0.0,0.33,0.5
2016-03-12,0.14,0.34,0.5
2016-03-13,0.01,0.33,0.5
2016-03-14,0.0,0.32,0.5
2016-03-15,0.0,0.32,0.5
2016-03-16,0.0,0.31,0.5
2016-03-17,0.0,0.31,0.5
2016-03-18,0.0,0.3,0.5
2016-03-19,0.0,0.3,0.5
2016-03-20,0.0,0.3,0.5
2016-03-21,0.0,0.3,0.5
2016-03-22,0.0,0.29,0.5
2016-03-23,0.0,0.29,0.5
2016-03-24,0.0,0.29,0.5
2016-03-25,0.8,0.29,0.5
2016-03-26,0.08,0.32,0.5
2016-03-27,0.0,0.31,0.5
2016-03-28,0.01,0.31,0.5
2016-03-29,0.0,0.31,0.5
2016-03-30,0.21,0.31,0.5
2016-03-31,0.02,0.32,0.5
2016-04-01,0.06,0.32,0.5
2016-04-02,0.02,0.32,0.5
2016-04-03,0.17,0.32,0.5
2016-04-04,0.01,0.31,0.5
2016-04-05,0.0,0.3,0.5
2016-04-06,0.0,0.29,0.49
2016-04-07,0.0,0.28,0.49
2016-04-08,0.0,0.27,0.49
2016-04-09,0.0,0.27,0.49
2016-04-10,0.0,0.26,0.49
2016-04-11,0.0,0.26,0.49
2016-04-12,0.0,0.25,0.49
2016-04-13,0.0,0.25,0.49
2016-04-14,0.0,0.25,0.49
2016-04-15,0.0,0.24,0.49
2016-04-16,0.27,0.25,0.49
2016-04-17,0.0,0.25,0.49
2016-04-18,0.16,0.25,0.49
2016-04-19,0.9,0.27,0.49
2016-04-20,1.83,0.3,0.49
2016-04-21,4.35,0.43,0.5
2016-04-22,0.0,0.4,0.5
2016-04-23,0.0,0.36,0.5
2016-04-24,0.0,0.33,0.5
2016-04-25,0.26,0.32,0.5
2016-04-26,0.03,0.3,0.5
2016-04-27,3.0,0.34,0.5
2016-04-28,2.86,0.43,0.5
2016-04-29,5.1,0.49,0.51
2016-04-30,12.28,0.61,0.52
2016-05-01,2.25,0.54,0.53
2016-05-02,2.17,0.52,0.53
2016-05-03,0.72,0.5,0.52
2016-05-04,0.29,0.48,0.52
2016-05-05,1.18,0.47,0.51
2016-05-06,0.32,0.44,0.51
2016-05-07,0.02,0.41,0.51
2016-05-08,0.26,0.4,0.5
2016-05-09,0.21,0.38,0.5
2016-05-10,0.0,0.35,0.5
2016-05-11,0.0,0.33,0.5
2016-05-12,0.3,0.32,0.5
2016-05-13,14.27,0.43,0.5
2016-05-14,4.82,0.58,0.53
2016-05-15,22.74,0.65,0.55
2016-05-16,12.86,0.7,0.58
2016-05-17,5.48,0.64,0.58
2016-05-18,0.96,0.6,0.57
2016-05-19,3.71,0.59,0.56
2016-05-20,7.18,0.64,0.57
2016-05-21,1.04,0.57,0.56
2016-05-22,2.83,0.55,0.55
2016-05-23,0.06,0.54,0.55
2016-05-24,2.24,0.53,0.54
2016-05-25,0.98,0.53,0.54
2016-05-26,0.61,0.51,0.53
2016-05-27,1.69,0.51,0.53
2016-05-28,1.86,0.51,0.53
2016-05-29,4.87,0.55,0.53
2016-05-30,3.39,0.55,0.53
2016-05-31,2.88,0.53,0.53
2016-06-01,1.63,0.53,0.53
2016-06-02,0.22,0.51,0.53
2016-06-03,1.13,0.5,0.53
2016-06-04,5.0,0.55,0.53
2016-06-05,53.15,0.75,0.56
2016-06-06,7.48,0.72,0.63
2016-06-07,1.79,0.64,0.61
2016-06-08,0.59,0.62,0.6
2016-06-09,0.0,0.58,0.58
2016-06-10,1.7,0.58,0.57
2016-06-11,0.51,0.55,0.56
2016-06-12,0.2,0.54,0.55
2016-06-13,0.12,0.52,0.54
2016-06-14,0.08,0.52,0.54
2016-06-15,0.38,0.51,0.53
2016-06-16,1.09,0.51,0.53
2016-06-17,9.22,0.57,0.53
2016-06-18,1.73,0.58,0.55
2016-06-19,3.54,0.55,0.54
2016-06-20,28.09,0.71,0.56
2016-06-21,4.05,0.66,0.6
2016-06-22,4.77,0.63,0.59
2016-06-23,13.5,0.69,0.59
2016-06-24,10.38,0.7,0.61
2016-06-25,3.37,0.66,0.61
2016-06-26,13.34,0.71,0.61
2016-06-27,2.5,0.65,0.62
2016-06-28,1.82,0.64,0.61
2016-06-29,15.09,0.71,0.62
2016-06-30,1.85,0.64,0.61
2016-07-01,1.93,0.63,0.6
2016-07-02,17.34,0.71,0.61
2016-07-03,5.38,0.69,0.62
2016-07-04,0.91,0.63,0.61
2016-07-05,3.12,0.64,0.6
2016-07-06,5.97,0.65,0.6
2016-07-07,22.73,0.77,0.62
2016-07-08,1.7,0.67,0.63
2016-07-09,0.46,0.64,0.62
2016-07-10,5.11,0.66,0.61
2016-07-11,3.31,0.66,0.61
2016-07-12,7.93,0.66,0.61
2016-07-13,0.16,0.64,0.61
2016-07-14,0.32,0.62,0.6
2016-07-15,0.01,0.6,0.59
2016-07-16,0.0,0.6,0.59
2016-07-17,0.0,0.6,0.58
2016-07-18,5.74,0.62,0.58
2016-07-19,27.55,0.77,0.61
2016-07-20,7.57,0.69,0.63
2016-07-21,12.38,0.73,0.64
2016-07-22,6.41,0.71,0.65
2016-07-23,22.6,0.78,0.65
2016-07-24,11.11,0.76,0.68
2016-07-25,0.03,0.68,0.66
2016-07-26,2.35,0.67,0.65
2016-07-27,1.65,0.67,0.64
2016-07-28,6.89,0.68,0.63
2016-07-29,6.84,0.7,0.64
2016-07-30,3.23,0.69,0.64
2016-07-31,0.18,0.66,0.63
2016-08-01,0.07,0.63,0.62
2016-08-02,5.74,0.66,0.62
2016-08-03,5.34,0.67,0.62
2016-08-04,12.6,0.73,0.64
2016-08-05,5.5,0.69,0.64
2016-08-06,6.42,0.69,0.64
2016-08-07,2.53,0.67,0.64
2016-08-08,1.06,0.64,0.62
2016-08-09,10.51,0.66,0.62
2016-08-10,5.44,0.7,0.64
2016-08-11,2.37,0.65,0.63
2016-08-12,1.44,0.65,0.62
2016-08-13,0.71,0.64,0.62
2016-08-14,0.02,0.62,0.61
2016-08-15,0.71,0.62,0.6
2016-08-16,3.78,0.63,0.6
2016-08-17,0.23,0.62,0.6
2016-08-18,0.18,0.61,0.59
2016-08-19,0.09,0.6,0.59
2016-08-20,0.4,0.59,0.58
2016-08-21,0.03,0.58,0.58
2016-08-22,2.15,0.59,0.57
2016-08-23,4.51,0.62,0.57
2016-08-24,5.57,0.64,0.58
2016-08-25,10.9,0.69,0.6
2016-08-26,0.76,0.63,0.6
2016-08-27,19.13,0.7,0.61
2016-08-28,13.58,0.75,0.64
2016-08-29,29.34,0.81,0.67
2016-08-30,5.86,0.74,0.69
2016-08-31,4.33,0.71,0.67
2016-09-01,1.73,0.7,0.66
2016-09-02,0.45,0.66,0.65
2016-09-03,0.33,0.65,0.63
2016-09-04,0.07,0.64,0.62
2016-09-05,0.34,0.63,0.62
2016-09-06,6.42,0.66,0.61
2016-09-07,6.15,0.69,0.63
2016-09-08,32.04,0.74,0.64
2016-09-09,2.52,0.73,0.67
2016-09-10,1.31,0.69,0.66
2016-09-11,4.22,0.7,0.65
2016-09-12,25.42,0.8,0.68
2016-09-13,18.01,0.8,0.7
2016-09-14,16.56,0.79,0.72
2016-09-15,0.94,0.72,0.7
2016-09-16,0.84,0.7,0.68
2016-09-17,2.17,0.7,0.67
2016-09-18,7.52,0.74,0.68
2016-09-19,12.87,0.76,0.68
2016-09-20,13.57,0.78,0.7
2016-09-21,39.32,0.86,0.74
2016-09-22,3.91,0.77,0.74
2016-09-23,12.98,0.79,0.73
2016-09-24,35.47,0.88,0.76
2016-09-25,12.36,0.83,0.78
2016-09-26,18.19,0.85,0.78
2016-09-27,12.41,0.84,0.79
2016-09-28,1.64,0.79,0.77
2016-09-29,0.16,0.77,0.76
2016-09-30,7.03,0.79,0.75
2016-10-01,0.23,0.76,0.75
2016-10-02,2.27,0.76,0.74
2016-10-03,0.48,0.75,0.73
2016-10-04,3.08,0.75,0.72
2016-10-05,8.91,0.78,0.73
2016-10-06,10.2,0.8,0.74
2016-10-07,36.87,0.88,0.77
2016-10-08,16.08,0.86,0.8
2016-10-09,6.02,0.82,0.79
2016-10-10,0.64,0.79,0.78
2016-10-11,0.26,0.78,0.77
2016-10-12,0.55,0.77,0.75
2016-10-13,0.44,0.76,0.74
2016-10-14,0.37,0.75,0.74
2016-10-15,5.48,0.77,0.74
2016-10-16,9.6,0.79,0.74
2016-10-17,1.18,0.77,0.75
2016-10-18,0.0,0.75,0.74
2016-10-19,0.0,0.75,0.73
2016-10-20,0.64,0.75,0.73
2016-10-21,1.51,0.75,0.72
2016-10-22,0.01,0.74,0.72
2016-10-23,2.74,0.74,0.72
2016-10-24,9.26,0.78,0.73
2016-10-25,2.38,0.77,0.74
2016-10-26,0.7,0.76,0.73
2016-10-27,3.22,0.77,0.74
2016-10-28,2.32,0.76,0.74
2016-10-29,3.32,0.76,0.73
2016-10-30,2.73,0.77,0.74
2016-10-31,4.67,0.76,0.73
2016-11-01,2.67,0.77,0.74
2016-11-02,0.21,0.75,0.73
2016-11-03,0.13,0.74,0.72
2016-11-04,0.0,0.73,0.72
2016-11-05,0.0,0.73,0.71
2016-11-06,0.58,0.72,0.71
2016-11-07,15.98,0.78,0.71
2016-11-08,11.68,0.81,0.74
2016-11-09,4.59,0.77,0.74
2016-11-10,4.48,0.79,0.75
2016-11-11,0.01,0.75,0.74
2016-11-12,0.04,0.75,0.73
2016-11-13,0.01,0.74,0.72
2016-11-14,0.0,0.73,0.71
2016-11-15,0.0,0.72,0.71
2016-11-16,0.0,0.72,0.7
2016-11-17,0.0,0.71,0.7
2016-11-18,0.03,0.71,0.69
2016-11-19,0.28,0.71,0.69
2016-11-20,0.01,0.71,0.68
2016-11-21,0.04,0.7,0.68
2016-11-22,0.1,0.7,0.68
2016-11-23,2.03,0.72,0.68
2016-11-24,1.59,0.71,0.69
2016-11-25,0.08,0.71,0.68
2016-11-26,0.0,0.7,0.68
2016-11-27,0.0,0.69,0.67
2016-11-28,0.0,0.69,0.67
2016-11-29,0.0,0.69,0.67
2016-11-30,0.0,0.68,0.66
2016-12-01,0.0,0.68,0.66
2016-12-02,0.0,0.68,0.66
2016-12-03,0.0,0.68,0.66
2016-12-04,0.0,0.68,0.65
2016-12-05,0.0,0.68,0.65
2016-12-06,0.0,0.67,0.65
2016-12-07,0.0,0.67,0.65
2016-12-08,0.0,0.66,0.65
2016-12-09,0.0,0.66,0.64
2016-12-10,0.0,0.66,0.64
2016-12-11,0.0,0.65,0.64
2016-12-12,0.0,0.65,0.63
2016-12-13,0.0,0.65,0.63
2016-12-14,1.31,0.65,0.63
2016-12-15,0.23,0.65,0.63
2016-12-16,0.06,0.64,0.63
2016-12-17,0.03,0.64,0.62
2016-12-18,0.0,0.64,0.62
2016-12-19,0.0,0.64,0.62
2016-12-20,0.0,0.63,0.62
2016-12-21,0.0,0.63,0.61
2016-12-22,0.0,0.62,0.61
2016-12-23,0.0,0.62,0.6
2016-12-24,0.0,0.62,0.6
2016-12-25,0.0,0.62,0.6
2016-12-26,0.0,0.61,0.6
2016-12-27,0.0,0.6,0.6
2016-12-28,0.0,0.6,0.59
2016-12-29,0.0,0.6,0.59
2016-12-30,0.0,0.59,0.59
2016-12-31,0.0,0.59,0.59
2017-01-01,0.0,0.59,0.59
2017-01-02,0.0,0.59,0.58
2017-01-03,0.0,0.59,0.58
2017-01-04,0.0,0.59,0.58
2017-01-05,0.6,0.59,0.58
2017-01-06,1.92,0.62,0.59
2017-01-07,0.31,0.6,0.59
2017-01-08,0.14,0.6,0.58
2017-01-09,0.86,0.6,0.58
2017-01-10,2.38,0.62,0.59
2017-01-11,0.7,0.6,0.59
2017-01-12,0.04,0.59,0.58
2017-01-13,0.78,0.59,0.58
2017-01-14,0.15,0.58,0.58
2017-01-15,0.0,0.57,0.57
2017-01-16,0.02,0.57,0.57
2017-01-17,0.92,0.58,0.57
2017-01-18,0.22,0.57,0.57
2017-01-19,0.0,0.57,0.57
2017-01-20,0.0,0.56,0.57
2017-01-21,0.0,0.56,0.56
2017-01-22,0.0,0.55,0.56
2017-01-23,0.0,0.55,0.56
2017-01-24,0.0,0.55,0.56
2017-01-25,0.0,0.55,0.55
2017-01-26,0.0,0.55,0.55
2017-01-27,0.0,0.54,0.55
2017-01-28,0.0,0.54,0.55
2017-01-29,0.0,0.54,0.55
2017-01-30,0.0,0.53,0.54
2017-01-31,0.0,0.53,0.54
2017-02-01,0.0,0.53,0.54
2017-02-02,0.34,0.53,0.54
2017-02-03,0.87,0.54,0.54
2017-02-04,0.03,0.53,0.54
2017-02-05,0.0,0.52,0.54
2017-02-06,0.0,0.52,0.54
2017-02-07,0.0,0.51,0.53
2017-02-08,0.0,0.5,0.53
2017-02-09,0.0,0.5,0.53
2017-02-10,0.0,0.49,0.53
2017-02-11,0.0,0.49,0.53
2017-02-12,0.0,0.48,0.53
2017-02-13,0.0,0.48,0.53
2017-02-14,0.0,0.48,0.53
2017-02-15,0.0,0.47,0.53
2017-02-16,0.0,0.47,0.53
2017-02-17,0.0,0.46,0.52
2017-02-18,0.0,0.45,0.52
2017-02-19,0.0,0.44,0.52
2017-02-20,0.0,0.44,0.52
2017-02-21,0.0,0.43,0.52
2017-02-22,0.0,0.42,0.52
2017-02-23,0.0,0.42,0.52
2017-02-24,0.61,0.42,0.52
2017-02-25,1.0,0.46,0.52
2017-02-26,0.0,0.44,0.52
2017-02-27,0.0,0.43,0.52
2017-02-28,0.0,0.43,0.52
2017-03-01,0.0,0.42,0.52
2017-03-02,0.0,0.41,0.52
2017-03-03,0.0,0.4,0.51
2017-03-04,0.0,0.4,0.51
2017-03-05,0.0,0.39,0.51
2017-03-06,0.0,0.39,0.51
2017-03-07,0.02,0.39,0.51
2017-03-08,0.3,0.38,0.51
2017-03-09,6.03,0.45,0.51
2017-03-10,0.22,0.5,0.52
2017-03-11,0.05,0.45,0.52
2017-03-12,0.58,0.43,0.51
2017-03-13,0.01,0.42,0.51
2017-03-14,0.0,0.4,0.51
2017-03-15,0.46,0.39,0.51
2017-03-16,26.52,0.61,0.53
2017-03-17,0.4,0.59,0.56
2017-03-18,25.06,0.69,0.57
2017-03-19,14.72,0.72,0.61
2017-03-20,1.43,0.63,0.6
2017-03-21,2.22,0.62,0.59
2017-03-22,0.25,0.59,0.58
2017-03-23,0.45,0.57,0.57
2017-03-24,13.18,0.66,0.58
2017-03-25,0.73,0.61,0.58
2017-03-26,42.63,0.76,0.61
2017-03-27,6.51,0.71,0.65
2017-03-28,0.0,0.64,0.63
2017-03-29,0.75,0.62,0.61
2017-03-30,1.31,0.61,0.6
2017-03-31,3.68,0.63,0.59
2017-04-01,4.86,0.65,0.6
2017-04-02,0.0,0.59,0.59
2017-04-03,0.0,0.58,0.58
2017-04-04,0.25,0.57,0.57
2017-04-05,0.13,0.57,0.57
2017-04-06,0.09,0.55,0.56
2017-04-07,0.71,0.54,0.55
2017-04-08,0.18,0.54,0.55
2017-04-09,0.02,0.52,0.54
2017-04-10,0.0,0.52,0.54
2017-04-11,5.13,0.55,0.54
2017-04-12,0.01,0.54,0.54
2017-04-13,0.63,0.51,0.54
2017-04-14,0.81,0.53,0.54
2017-04-15,0.73,0.53,0.54
2017-04-16,0.02,0.51,0.53
2017-04-17,0.02,0.49,0.53
2017-04-18,0.02,0.48,0.53
2017-04-19,0.46,0.48,0.52
2017-04-20,0.09,0.47,0.52
2017-04-21,0.18,0.45,0.52
2017-04-22,0.0,0.43,0.52
2017-04-23,0.0,0.41,0.52
2017-04-24,1.96,0.41,0.51
2017-04-25,3.96,0.51,0.52
2017-04-26,1.07,0.49,0.52
2017-04-27,0.15,0.45,0.52
2017-04-28,26.93,0.55,0.53
2017-04-29,5.77,0.66,0.58
2017-04-30,0.03,0.57,0.57
2017-05-01,0.04,0.55,0.56
2017-05-02,0.02,0.54,0.55
2017-05-03,0.58,0.53,0.55
2017-05-04,7.27,0.56,0.54
2017-05-05,21.36,0.72,0.59
2017-05-06,2.05,0.61,0.58
2017-05-07,42.82,0.81,0.63
2017-05-08,0.61,0.66,0.63
2017-05-09,11.35,0.7,0.63
2017-05-10,4.28,0.67,0.62
2017-05-11,16.02,0.73,0.63
2017-05-12,6.58,0.71,0.64
2017-05-13,10.66,0.7,0.63
2017-05-14,6.9,0.7,0.64
2017-05-15,10.92,0.72,0.64
2017-05-16,10.06,0.72,0.64
2017-05-17,11.82,0.74,0.65
2017-05-18,2.66,0.69,0.65
2017-05-19,7.35,0.71,0.65
2017-05-20,0.0,0.66,0.64
2017-05-21,0.29,0.65,0.63
2017-05-22,0.9,0.64,0.62
2017-05-23,9.18,0.67,0.62
2017-05-24,17.95,0.77,0.65
2017-05-25,5.01,0.7,0.65
2017-05-26,9.88,0.73,0.66
2017-05-27,3.14,0.68,0.65
2017-05-28,15.27,0.73,0.65
2017-05-29,16.23,0.78,0.68
2017-05-30,9.4,0.73,0.68
2017-05-31,10.51,0.75,0.68
2017-06-01,0.66,0.71,0.68
2017-06-02,6.61,0.72,0.67
2017-06-03,7.95,0.73,0.67
2017-06-04,5.13,0.72,0.67
2017-06-05,0.47,0.68,0.66
2017-06-06,2.32,0.68,0.65
2017-06-07,4.5,0.69,0.65
2017-06-08,4.3,0.69,0.65
2017-06-09,4.33,0.69,0.65
2017-06-10,28.34,0.79,0.67
2017-06-11,9.3,0.77,0.7
2017-06-12,0.01,0.71,0.69
2017-06-13,4.52,0.71,0.67
2017-06-14,25.31,0.81,0.7
2017-06-15,0.51,0.72,0.7
2017-06-16,0.0,0.69,0.68
2017-06-17,4.26,0.71,0.67
2017-06-18,7.47,0.73,0.68
2017-06-19,4.16,0.72,0.68
2017-06-20,1.49,0.7,0.68
2017-06-21,0.18,0.68,0.67
2017-06-22,1.48,0.68,0.66
2017-06-23,0.89,0.67,0.65
2017-06-24,2.46,0.68,0.65
2017-06-25,21.03,0.75,0.66
2017-06-26,14.72,0.79,0.7
2017-06-27,9.65,0.77,0.7
2017-06-28,22.92,0.83,0.73
2017-06-29,15.45,0.8,0.73
2017-06-30,23.17,0.85,0.76
2017-07-01,3.03,0.77,0.75
2017-07-02,5.49,0.78,0.74
2017-07-03,2.85,0.75,0.72
2017-07-04,16.64,0.8,0.73
2017-07-05,7.75,0.79,0.74
2017-07-06,5.72,0.76,0.73
2017-07-07,3.78,0.76,0.73
2017-07-08,1.88,0.74,0.72
2017-07-09,6.71,0.76,0.72
2017-07-10,12.21,0.8,0.74
2017-07-11,14.58,0.8,0.74
2017-07-12,6.47,0.79,0.75
2017-07-13,2.37,0.76,0.74
2017-07-14,4.02,0.76,0.73
2017-07-15,1.56,0.75,0.73
2017-07-16,5.2,0.76,0.73
2017-07-17,3.16,0.76,0.73
2017-07-18,4.15,0.75,0.73
2017-07-19,9.28,0.78,0.73
2017-07-20,6.32,0.77,0.73
2017-07-21,3.8,0.76,0.74
2017-07-22,7.64,0.78,0.73
2017-07-23,6.84,0.79,0.74
2017-07-24,2.76,0.77,0.74
2017-07-25,21.3,0.83,0.75
2017-07-26,28.39,0.86,0.78
2017-07-27,19.01,0.87,0.81
2017-07-28,7.88,0.82,0.8
2017-07-29,3.34,0.8,0.79
2017-07-30,0.03,0.77,0.77
2017-07-31,0.0,0.76,0.76
2017-08-01,0.32,0.75,0.75
2017-08-02,3.59,0.76,0.74
2017-08-03,4.61,0.77,0.74
2017-08-04,2.22,0.76,0.74
2017-08-05,21.14,0.82,0.75
2017-08-06,15.24,0.83,0.78
2017-08-07,19.66,0.85,0.8
2017-08-08,1.71,0.8,0.79
2017-08-09,0.54,0.79,0.78
2017-08-10,0.65,0.78,0.77
2017-08-11,0.12,0.78,0.76
2017-08-12,0.0,0.77,0.76
2017-08-13,0.0,0.76,0.75
2017-08-14,9.29,0.8,0.75
2017-08-15,14.39,0.84,0.78
2017-08-16,26.7,0.86,0.79
2017-08-17,22.43,0.88,0.83
2017-08-18,30.83,0.87,0.83
2017-08-19,19.06,0.87,0.84
2017-08-20,8.98,0.86,0.83
2017-08-21,1.0,0.82,0.82
2017-08-22,0.18,0.81,0.8
2017-08-23,0.12,0.81,0.8
2017-08-24,5.34,0.82,0.8
2017-08-25,5.77,0.82,0.8
2017-08-26,16.08,0.85,0.8
2017-08-27,6.72,0.84,0.82
2017-08-28,17.29,0.87,0.82
2017-08-29,3.2,0.83,0.82
2017-08-30,3.09,0.82,0.81
2017-08-31,1.17,0.82,0.81
2017-09-01,0.35,0.81,0.8
2017-09-02,3.96,0.82,0.8
2017-09-03,0.98,0.81,0.8
2017-09-04,5.14,0.82,0.8
2017-09-05,42.86,0.91,0.82
2017-09-06,40.5,0.92,0.86
2017-09-07,26.51,0.92,0.88
2017-09-08,0.88,0.86,0.87
2017-09-09,0.84,0.85,0.85
2017-09-10,8.29,0.86,0.85
2017-09-11,43.63,0.93,0.87
2017-09-12,6.19,0.89,0.89
2017-09-13,0.01,0.86,0.87
2017-09-14,9.11,0.88,0.87
2017-09-15,12.21,0.89,0.88
2017-09-16,3.63,0.88,0.88
2017-09-17,0.96,0.87,0.88
2017-09-18,0.27,0.86,0.87
2017-09-19,0.64,0.86,0.86
2017-09-20,5.34,0.86,0.86
2017-09-21,3.71,0.87,0.86
2017-09-22,6.36,0.87,0.87
2017-09-23,10.06,0.88,0.87
2017-09-24,2.35,0.87,0.87
2017-09-25,42.85,0.92,0.88
2017-09-26,5.5,0.9,0.9
2017-09-27,0.67,0.87,0.89
2017-09-28,3.14,0.87,0.88
2017-09-29,4.68,0.88,0.89
2017-09-30,0.59,0.87,0.88
2017-10-01,3.53,0.87,0.88
2017-10-02,23.51,0.91,0.89
2017-10-03,23.62,0.92,0.92
2017-10-04,16.71,0.92,0.92
2017-10-05,10.74,0.92,0.93
2017-10-06,3.37,0.9,0.93
2017-10-07,7.3,0.91,0.92
2017-10-08,3.07,0.9,0.93
2017-10-09,1.55,0.9,0.92
2017-10-10,0.77,0.89,0.92
2017-10-11,11.32,0.91,0.92
2017-10-12,2.93,0.9,0.92
2017-10-13,1.33,0.89,0.92
2017-10-14,0.43,0.88,0.91
2017-10-15,0.57,0.88,0.9
2017-10-16,2.61,0.88,0.9
2017-10-17,2.21,0.88,0.9
2017-10-18,0.14,0.88,0.9
2017-10-19,2.96,0.88,0.89
2017-10-20,0.96,0.87,0.89
2017-10-21,6.59,0.88,0.88
2017-10-22,1.02,0.87,0.88
2017-10-23,0.07,0.86,0.87
2017-10-24,1.16,0.86,0.87
2017-10-25,0.18,0.86,0.86
2017-10-26,0.0,0.85,0.86
2017-10-27,0.0,0.85,0.85
2017-10-28,0.0,0.85,0.85
2017-10-29,0.0,0.84,0.84
2017-10-30,0.0,0.84,0.84
2017-10-31,0.02,0.84,0.83
2017-11-01,0.04,0.83,0.83
2017-11-02,0.0,0.83,0.82
2017-11-03,0.0,0.83,0.82
2017-11-04,0.0,0.82,0.81
2017-11-05,1.07,0.82,0.81
2017-11-06,0.25,0.82,0.81
2017-11-07,0.0,0.82,0.81
2017-11-08,0.0,0.82,0.8
2017-11-09,0.0,0.82,0.8
2017-11-10,0.08,0.81,0.8
2017-11-11,0.79,0.81,0.8
2017-11-12,0.35,0.81,0.79
2017-11-13,0.06,0.8,0.79
2017-11-14,0.03,0.8,0.79
2017-11-15,8.12,0.81,0.78
2017-11-16,8.63,0.85,0.8
2017-11-17,0.0,0.81,0.8
2017-11-18,0.0,0.81,0.79
2017-11-19,2.0,0.81,0.79
2017-11-20,0.92,0.81,0.79
2017-11-21,0.02,0.8,0.79
2017-11-22,0.08,0.8,0.78
2017-11-23,0.44,0.79,0.78
2017-11-24,0.0,0.79,0.78
2017-11-25,0.0,0.79,0.77
2017-11-26,0.0,0.78,0.77
2017-11-27,0.0,0.78,0.77
2017-11-28,0.0,0.78,0.76
2017-11-29,0.0,0.77,0.76
2017-11-30,0.0,0.78,0.76
2017-12-01,0.0,0.77,0.76
2017-12-02,0.0,0.77,0.75
2017-12-03,0.0,0.76,0.75
2017-12-04,0.0,0.76,0.74
2017-12-05,0.0,0.76,0.74
2017-12-06,0.0,0.76,0.74
2017-12-07,0.0,0.75,0.74
2017-12-08,0.0,0.75,0.73
2017-12-09,0.0,0.75,0.73
2017-12-10,0.0,0.75,0.73
2017-12-11,0.0,0.74,0.73
2017-12-12,0.27,0.74,0.72
2017-12-13,0.26,0.74,0.72
2017-12-14,0.0,0.74,0.72
2017-12-15,0.09,0.73,0.72
2017-12-16,0.01,0.73,0.71
2017-12-17,0.0,0.73,0.71
2017-12-18,0.0,0.73,0.71
2017-12-19,0.0,0.72,0.71
2017-12-20,0.0,0.72,0.71
2017-12-21,0.0,0.71,0.7
2017-12-22,0.0,0.71,0.7
2017-12-23,0.0,0.71,0.7
2017-12-24,0.0,0.71,0.69
2017-12-25,0.0,0.7,0.69
2017-12-26,6.23,0.73,0.69
2017-12-27,3.27,0.74,0.7
2017-12-28,1.35,0.72,0.7
2017-12-29,0.02,0.71,0.7
2017-12-30,0.0,0.71,0.69
2017-12-31,0.0,0.7,0.69
2018-01-01,0.0,0.7,0.68
2018-01-02,0.0,0.69,0.68
2018-01-03,0.0,0.69,0.67
2018-01-04,0.0,0.69,0.67
2018-01-05,0.0,0.68,0.67
2018-01-06,0.35,0.68,0.66
2018-01-07,1.14,0.69,0.66
2018-01-08,0.02,0.68,0.66
2018-01-09,17.31,0.74,0.67
2018-01-10,5.21,0.72,0.69
2018-01-11,0.39,0.7,0.68
2018-01-12,0.0,0.69,0.68
2018-01-13,0.0,0.68,0.67
2018-01-14,0.0,0.68,0.67
2018-01-15,0.0,0.68,0.66
2018-01-16,0.0,0.68,0.66
2018-01-17,0.0,0.67,0.65
2018-01-18,0.0,0.66,0.65
2018-01-19,0.0,0.66,0.65
2018-01-20,0.0,0.65,0.64
2018-01-21,0.0,0.65,0.64
2018-01-22,0.0,0.65,0.64
2018-01-23,0.0,0.64,0.63
2018-01-24,0.0,0.64,0.63
2018-01-25,0.02,0.64,0.62
2018-01-26,0.04,0.63,0.62
2018-01-27,0.46,0.64,0.62
2018-01-28,0.34,0.64,0.62
2018-01-29,0.39,0.63,0.62
2018-01-30,0.62,0.63,0.62
2018-01-31,0.41,0.63,0.62
2018-02-01,0.02,0.62,0.61
2018-02-02,0.03,0.61,0.61
2018-02-03,0.0,0.61,0.61
2018-02-04,0.0,0.61,0.61
2018-02-05,0.0,0.6,0.6
2018-02-06,0.0,0.6,0.6
2018-02-07,0.0,0.6,0.6
2018-02-08,0.0,0.6,0.6
2018-02-09,0.0,0.6,0.6
2018-02-10,0.0,0.59,0.6
2018-02-11,0.0,0.59,0.59
2018-02-12,0.0,0.58,0.59
2018-02-13,0.0,0.58,0.59
2018-02-14,0.0,0.58,0.59
2018-02-15,0.0,0.58,0.58
2018-02-16,0.0,0.57,0.58
2018-02-17,0.0,0.57,0.58
2018-02-18,0.0,0.57,0.58
2018-02-19,3.68,0.6,0.58
2018-02-20,2.45,0.61,0.58
2018-02-21,1.93,0.6,0.58
2018-02-22,1.86,0.6,0.59
2018-02-23,0.57,0.59,0.59
2018-02-24,0.0,0.58,0.58
2018-02-25,5.37,0.62,0.58
2018-02-26,1.67,0.61,0.59
2018-02-27,2.41,0.61,0.59
2018-02-28,0.0,0.58,0.59
2018-03-01,0.0,0.57,0.58
2018-03-02,0.0,0.57,0.58
2018-03-03,0.0,0.56,0.57
2018-03-04,0.0,0.56,0.57
2018-03-05,0.01,0.55,0.57
2018-03-06,1.92,0.56,0.56
2018-03-07,3.48,0.59,0.57
2018-03-08,2.3,0.6,0.57
2018-03-09,0.29,0.57,0.57
2018-03-10,0.0,0.56,0.57
2018-03-11,0.0,0.55,0.56
2018-03-12,0.0,0.55,0.56
2018-03-13,0.19,0.54,0.56
2018-03-14,2.01,0.56,0.56
2018-03-15,0.17,0.54,0.55
2018-03-16,0.93,0.54,0.55
2018-03-17,0.23,0.53,0.55
2018-03-18,0.03,0.51,0.54
2018-03-19,0.0,0.5,0.54
2018-03-20,0.07,0.49,0.54
2018-03-21,0.13,0.48,0.54
2018-03-22,0.08,0.48,0.54
2018-03-23,0.1,0.48,0.54
2018-03-24,0.0,0.47,0.54
2018-03-25,0.0,0.46,0.53
2018-03-26,0.0,0.46,0.53
2018-03-27,0.0,0.45,0.53
2018-03-28,11.16,0.56,0.54
2018-03-29,4.9,0.61,0.56
2018-03-30,0.39,0.55,0.55
2018-03-31,2.29,0.57,0.55
2018-04-01,0.66,0.56,0.55
2018-04-02,0.91,0.56,0.55
2018-04-03,0.01,0.55,0.55
2018-04-04,0.11,0.55,0.55
2018-04-05,9.65,0.62,0.55
2018-04-06,4.65,0.63,0.57
2018-04-07,4.98,0.62,0.58
2018-04-08,0.02,0.57,0.57
2018-04-09,0.0,0.56,0.57
2018-04-10,0.0,0.54,0.56
2018-04-11,0.0,0.53,0.55
2018-04-12,2.45,0.55,0.55
2018-04-13,1.63,0.54,0.54
2018-04-14,0.39,0.52,0.54
2018-04-15,0.64,0.53,0.54
2018-04-16,5.64,0.59,0.55
2018-04-17,15.66,0.66,0.56
2018-04-18,0.62,0.6,0.57
2018-04-19,0.37,0.56,0.57
2018-04-20,0.01,0.54,0.56
2018-04-21,0.0,0.53,0.55
2018-04-22,0.45,0.52,0.54
2018-04-23,0.0,0.51,0.54
2018-04-24,0.0,0.49,0.53
2018-04-25,0.18,0.48,0.53
2018-04-26,15.15,0.61,0.54
2018-04-27,18.51,0.7,0.57
2018-04-28,21.78,0.76,0.61
2018-04-29,31.53,0.79,0.66
2018-04-30,16.63,0.74,0.66
2018-05-01,12.15,0.75,0.67
2018-05-02,0.56,0.68,0.65
2018-05-03,2.7,0.66,0.64
2018-05-04,3.4,0.66,0.63
2018-05-05,7.27,0.68,0.62
2018-05-06,1.99,0.64,0.61
2018-05-07,1.35,0.64,0.61
2018-05-08,0.31,0.62,0.6
2018-05-09,1.25,0.62,0.6
2018-05-10,19.61,0.73,0.62
2018-05-11,11.38,0.71,0.63
2018-05-12,1.49,0.68,0.64
2018-05-13,5.39,0.67,0.63
2018-05-14,5.94,0.69,0.63
2018-05-15,1.86,0.66,0.63
2018-05-16,0.03,0.62,0.61
2018-05-17,2.08,0.63,0.6
2018-05-18,3.33,0.64,0.6
2018-05-19,2.91,0.64,0.6
2018-05-20,1.55,0.63,0.6
2018-05-21,0.91,0.61,0.6
2018-05-22,5.18,0.65,0.6
2018-05-23,2.24,0.63,0.6
2018-05-24,6.64,0.64,0.59
2018-05-25,14.69,0.73,0.62
2018-05-26,7.36,0.68,0.62
2018-05-27,9.33,0.69,0.63
2018-05-28,5.31,0.7,0.64
2018-05-29,7.17,0.7,0.64
2018-05-30,1.89,0.67,0.63
2018-05-31,7.64,0.7,0.63
2018-06-01,3.97,0.68,0.63
2018-06-02,2.36,0.67,0.63
2018-06-03,2.07,0.65,0.62
2018-06-04,9.06,0.69,0.63
2018-06-05,7.33,0.7,0.64
2018-06-06,6.37,0.67,0.63
2018-06-07,1.46,0.67,0.63
2018-06-08,1.51,0.65,0.63
2018-06-09,0.26,0.64,0.62
2018-06-10,0.83,0.63,0.61
2018-06-11,3.11,0.63,0.6
2018-06-12,0.81,0.63,0.6
2018-06-13,0.43,0.61,0.6
2018-06-14,1.13,0.6,0.59
2018-06-15,2.38,0.61,0.59
2018-06-16,5.0,0.64,0.59
2018-06-17,3.15,0.63,0.59
2018-06-18,6.08,0.64,0.59
2018-06-19,0.27,0.62,0.59
2018-06-20,3.07,0.62,0.59
2018-06-21,0.21,0.61,0.59
2018-06-22,0.06,0.59,0.59
2018-06-23,4.54,0.61,0.58
2018-06-24,0.84,0.62,0.59
2018-06-25,1.92,0.59,0.58
2018-06-26,16.57,0.71,0.6
2018-06-27,6.73,0.69,0.62
2018-06-28,28.34,0.77,0.64
2018-06-29,0.93,0.69,0.66
2018-06-30,3.09,0.67,0.65
2018-07-01,5.67,0.69,0.64
2018-07-02,11.59,0.71,0.64
2018-07-03,23.67,0.77,0.68
2018-07-04,0.14,0.67,0.66
2018-07-05,0.07,0.65,0.64
2018-07-06,0.48,0.65,0.63
2018-07-07,1.42,0.65,0.63
2018-07-08,0.53,0.65,0.62
2018-07-09,2.51,0.64,0.62
2018-07-10,2.48,0.65,0.61
2018-07-11,3.81,0.66,0.62
2018-07-12,1.31,0.65,0.62
2018-07-13,6.54,0.67,0.62
2018-07-14,4.81,0.68,0.63
2018-07-15,1.19,0.65,0.62
2018-07-16,27.87,0.77,0.64
2018-07-17,27.88,0.82,0.69
2018-07-18,14.22,0.79,0.71
2018-07-19,0.87,0.72,0.7
2018-07-20,1.6,0.7,0.68
2018-07-21,2.01,0.7,0.67
2018-07-22,1.51,0.69,0.66
2018-07-23,2.66,0.69,0.66
2018-07-24,1.12,0.67,0.65
2018-07-25,7.5,0.7,0.65
2018-07-26,2.76,0.68,0.65
2018-07-27,6.74,0.71,0.65
2018-07-28,4.81,0.7,0.65
2018-07-29,3.77,0.69,0.65
2018-07-30,15.14,0.76,0.66
2018-07-31,0.55,0.69,0.67
2018-08-01,1.35,0.68,0.66
2018-08-02,0.86,0.67,0.65
2018-08-03,1.47,0.67,0.64
2018-08-04,0.75,0.66,0.64
2018-08-05,1.38,0.66,0.64
2018-08-06,6.76,0.69,0.64
2018-08-07,16.61,0.74,0.65
2018-08-08,3.35,0.72,0.67
2018-08-09,1.45,0.69,0.66
2018-08-10,0.47,0.68,0.66
2018-08-11,0.31,0.67,0.65
2018-08-12,0.32,0.66,0.64
2018-08-13,0.52,0.66,0.64
2018-08-14,1.95,0.66,0.63
2018-08-15,2.62,0.66,0.63
2018-08-16,0.45,0.65,0.63
2018-08-17,4.24,0.66,0.62
2018-08-18,1.67,0.65,0.62
2018-08-19,6.45,0.67,0.62
2018-08-20,6.55,0.68,0.63
2018-08-21,7.82,0.7,0.64
2018-08-22,11.68,0.74,0.65
2018-08-23,14.07,0.75,0.66
2018-08-24,5.19,0.73,0.67
2018-08-25,9.25,0.72,0.67
2018-08-26,32.69,0.82,0.69
2018-08-27,7.07,0.77,0.72
2018-08-28,2.94,0.73,0.7
2018-08-29,4.36,0.73,0.69
2018-08-30,0.79,0.7,0.68
2018-08-31,0.47,0.69,0.67
2018-09-01,0.25,0.68,0.66
2018-09-02,0.4,0.67,0.65
2018-09-03,20.96,0.77,0.66
2018-09-04,5.35,0.74,0.69
2018-09-05,3.2,0.72,0.68
2018-09-06,0.01,0.69,0.67
2018-09-07,2.41,0.69,0.66
2018-09-08,9.42,0.73,0.66
2018-09-09,7.47,0.75,0.68
2018-09-10,5.96,0.73,0.68
2018-09-11,8.21,0.73,0.68
2018-09-12,15.02,0.78,0.69
2018-09-13,45.44,0.88,0.74
2018-09-14,5.91,0.8,0.76
2018-09-15,25.19,0.84,0.76
2018-09-16,1.91,0.78,0.76
2018-09-17,0.22,0.75,0.74
2018-09-18,0.2,0.74,0.72
2018-09-19,4.73,0.75,0.72
2018-09-20,3.74,0.76,0.72
2018-09-21,2.67,0.74,0.71
2018-09-22,3.23,0.74,0.71
2018-09-23,1.55,0.74,0.71
2018-09-24,2.55,0.74,0.71
2018-09-25,1.26,0.72,0.7
2018-09-26,0.5,0.71,0.69
2018-09-27,0.13,0.7,0.68
2018-09-28,0.45,0.7,0.68
2018-09-29,4.1,0.72,0.68
2018-09-30,12.5,0.77,0.69
2018-10-01,9.14,0.76,0.71
2018-10-02,3.21,0.75,0.71
2018-10-03,0.34,0.72,0.7
2018-10-04,1.51,0.71,0.69
2018-10-05,1.43,0.71,0.68
2018-10-06,1.21,0.7,0.68
2018-10-07,0.16,0.69,0.67
2018-10-08,0.01,0.68,0.66
2018-10-09,0.01,0.67,0.66
2018-10-10,0.06,0.67,0.65
2018-10-11,0.01,0.66,0.65
2018-10-12,0.85,0.66,0.64
2018-10-13,1.47,0.66,0.64
2018-10-14,0.7,0.66,0.63
2018-10-15,0.45,0.66,0.63
2018-10-16,0.36,0.65,0.63
2018-10-17,2.16,0.66,0.63
2018-10-18,7.74,0.69,0.63
2018-10-19,7.33,0.72,0.65
2018-10-20,20.97,0.78,0.67
2018-10-21,16.41,0.79,0.7
2018-10-22,5.13,0.76,0.71
2018-10-23,8.58,0.74,0.7
2018-10-24,7.64,0.77,0.71
2018-10-25,0.94,0.73,0.7
2018-10-26,0.22,0.71,0.69
2018-10-27,0.01,0.7,0.68
2018-10-28,0.0,0.69,0.67
2018-10-29,0.0,0.68,0.66
2018-10-30,0.0,0.67,0.66
2018-10-31,0.0,0.66,0.65
2018-11-01,0.0,0.65,0.64
2018-11-02,0.0,0.65,0.64
2018-11-03,0.0,0.65,0.63
2018-11-04,0.0,0.64,0.62
2018-11-05,0.0,0.64,0.62
2018-11-06,0.0,0.63,0.62
2018-11-07,0.0,0.63,0.61
2018-11-08,1.24,0.63,0.61
2018-11-09,3.36,0.65,0.61
2018-11-10,1.65,0.65,0.62
2018-11-11,0.43,0.64,0.62
2018-11-12,0.0,0.63,0.61
2018-11-13,0.06,0.62,0.61
2018-11-14,0.06,0.62,0.6
2018-11-15,0.0,0.62,0.6
2018-11-16,0.0,0.61,0.6
2018-11-17,0.0,0.61,0.6
2018-11-18,0.06,0.61,0.6
2018-11-19,0.83,0.61,0.6
2018-11-20,0.9,0.61,0.59
2018-11-21,0.0,0.6,0.59
2018-11-22,0.25,0.59,0.59
2018-11-23,0.01,0.58,0.58
2018-11-24,0.0,0.58,0.58
2018-11-25,0.0,0.57,0.58
2018-11-26,0.0,0.57,0.57
2018-11-27,0.54,0.58,0.57
2018-11-28,0.06,0.58,0.57
2018-11-29,0.0,0.58,0.57
2018-11-30,0.0,0.57,0.57
2018-12-01,0.0,0.57,0.57
2018-12-02,0.0,0.57,0.57
2018-12-03,0.0,0.56,0.56
2018-12-04,0.0,0.56,0.56
2018-12-05,0.0,0.56,0.56
2018-12-06,0.0,0.55,0.56
2018-12-07,0.37,0.55,0.55
2018-12-08,1.97,0.58,0.56
2018-12-09,0.58,0.57,0.56
2018-12-10,0.0,0.56,0.56
2018-12-11,0.66,0.56,0.56
2018-12-12,2.96,0.59,0.56
2018-12-13,0.0,0.56,0.56
2018-12-14,0.0,0.55,0.56
2018-12-15,0.0,0.55,0.55
2018-12-16,0.0,0.55,0.55
2018-12-17,0.0,0.54,0.55
2018-12-18,0.0,0.54,0.55
2018-12-19,0.0,0.54,0.55
2018-12-20,0.0,0.53,0.54
2018-12-21,0.0,0.53,0.54
2018-12-22,0.0,0.53,0.54
2018-12-23,0.0,0.52,0.54
2018-12-24,0.0,0.52,0.54
2018-12-25,0.0,0.51,0.54
2018-12-26,0.0,0.51,0.54
2018-12-27,0.0,0.51,0.53
2018-12-28,1.74,0.52,0.53
2018-12-29,0.78,0.53,0.54
2018-12-30,0.02,0.51,0.54
2018-12-31,0.0,0.5,0.53
2019-01-01,0.0,0.5,0.53
2019-01-02,0.0,0.49,0.53
2019-01-03,0.0,0.49,0.53
2019-01-04,0.0,0.5,0.53
2019-01-05,0.0,0.5,0.53
2019-01-06,0.0,0.49,0.53
2019-01-07,0.0,0.48,0.53
2019-01-08,0.0,0.47,0.53
2019-01-09,0.0,0.47,0.53
2019-01-10,0.0,0.47,0.53
2019-01-11,0.0,0.46,0.53
2019-01-12,0.0,0.45,0.52
2019-01-13,0.0,0.44,0.52
2019-01-14,0.0,0.44,0.52
2019-01-15,0.0,0.43,0.52
2019-01-16,0.0,0.43,0.52
2019-01-17,0.0,0.43,0.52
2019-01-18,0.0,0.43,0.52
2019-01-19,0.0,0.43,0.52
2019-01-20,0.0,0.43,0.52
2019-01-21,0.0,0.42,0.52
2019-01-22,0.0,0.41,0.52
2019-01-23,0.0,0.41,0.52
2019-01-24,0.0,0.41,0.52
2019-01-25,0.0,0.41,0.51
2019-01-26,0.0,0.4,0.51
2019-01-27,0.0,0.4,0.51
2019-01-28,0.0,0.4,0.51
2019-01-29,0.0,0.4,0.51
2019-01-30,0.0,0.4,0.51
2019-01-31,0.0,0.39,0.51
2019-02-01,0.0,0.39,0.51
2019-02-02,0.0,0.39,0.51
2019-02-03,0.0,0.38,0.51
2019-02-04,0.0,0.38,0.51
2019-02-05,0.0,0.38,0.51
2019-02-06,0.23,0.38,0.51
2019-02-07,0.02,0.38,0.51
2019-02-08,0.0,0.37,0.51
2019-02-09,0.0,0.37,0.51
2019-02-10,0.0,0.36,0.51
2019-02-11,0.05,0.37,0.5
2019-02-12,0.0,0.36,0.5
2019-02-13,0.0,0.36,0.5
2019-02-14,0.15,0.36,0.5
2019-02-15,0.1,0.36,0.5
2019-02-16,0.01,0.36,0.5
2019-02-17,2.51,0.38,0.5
2019-02-18,1.14,0.44,0.51
2019-02-19,0.0,0.41,0.51
2019-02-20,0.0,0.39,0.51
2019-02-21,0.0,0.38,0.5
2019-02-22,0.0,0.36,0.5
2019-02-23,0.0,0.36,0.5
2019-02-24,0.0,0.35,0.5
2019-02-25,0.12,0.34,0.5
2019-02-26,3.44,0.39,0.5
2019-02-27,0.42,0.42,0.51
2019-02-28,0.03,0.39,0.5
2019-03-01,0.0,0.37,0.5
2019-03-02,1.78,0.39,0.5
2019-03-03,0.3,0.39,0.5
2019-03-04,0.04,0.38,0.5
2019-03-05,0.0,0.36,0.5
2019-03-06,0.0,0.35,0.5
2019-03-07,0.0,0.34,0.5
2019-03-08,0.0,0.33,0.5
2019-03-09,0.0,0.32,0.5
2019-03-10,0.0,0.32,0.5
2019-03-11,0.0,0.31,0.5
2019-03-12,0.0,0.3,0.5
2019-03-13,0.0,0.29,0.5
2019-03-14,0.0,0.29,0.5
2019-03-15,0.36,0.28,0.5
2019-03-16,2.96,0.38,0.5
2019-03-17,0.0,0.37,0.5
2019-03-18,0.51,0.35,0.5
2019-03-19,0.06,0.34,0.5
2019-03-20,0.25,0.33,0.5
2019-03-21,0.03,0.32,0.5
2019-03-22,0.0,0.31,0.5
2019-03-23,0.03,0.3,0.5
2019-03-24,2.23,0.33,0.5
2019-03-25,1.48,0.39,0.5
2019-03-26,0.09,0.38,0.5
2019-03-27,0.49,0.36,0.5
2019-03-28,3.88,0.41,0.5
2019-03-29,0.95,0.47,0.51
2019-03-30,0.02,0.43,0.51
2019-03-31,3.5,0.44,0.5
2019-04-01,2.81,0.5,0.51
2019-04-02,0.48,0.49,0.51
2019-04-03,2.8,0.49,0.51
2019-04-04,0.05,0.46,0.51
2019-04-05,2.01,0.46,0.51
2019-04-06,0.19,0.44,0.51
2019-04-07,0.7,0.42,0.51
2019-04-08,0.29,0.41,0.51
2019-04-09,0.36,0.39,0.5
2019-04-10,0.3,0.37,0.5
2019-04-11,0.01,0.35,0.5
2019-04-12,0.0,0.34,0.5
2019-04-13,0.0,0.32,0.5
2019-04-14,1.76,0.33,0.5
2019-04-15,1.95,0.41,0.5
2019-04-16,0.29,0.37,0.5
2019-04-17,0.01,0.34,0.5
2019-04-18,0.73,0.33,0.5
2019-04-19,0.03,0.33,0.5
2019-04-20,0.01,0.32,0.5
2019-04-21,0.0,0.31,0.5
2019-04-22,13.6,0.48,0.51
2019-04-23,2.81,0.56,0.52
2019-04-24,0.0,0.48,0.52
2019-04-25,0.34,0.46,0.51
2019-04-26,1.52,0.46,0.51
2019-04-27,2.6,0.49,0.51
2019-04-28,0.08,0.43,0.51
2019-04-29,0.03,0.39,0.5
2019-04-30,0.0,0.36,0.5
2019-05-01,0.01,0.34,0.5
2019-05-02,0.43,0.32,0.5
2019-05-03,2.19,0.36,0.5
2019-05-04,6.81,0.44,0.5
2019-05-05,0.18,0.5,0.51
2019-05-06,0.88,0.48,0.51
2019-05-07,0.0,0.44,0.51
2019-05-08,9.33,0.52,0.51
2019-05-09,11.61,0.61,0.53
2019-05-10,3.28,0.57,0.54
2019-05-11,3.49,0.57,0.54
2019-05-12,1.26,0.53,0.54
2019-05-13,23.1,0.69,0.56
2019-05-14,9.79,0.68,0.58
2019-05-15,3.79,0.62,0.58
2019-05-16,2.04,0.6,0.57
2019-05-17,0.09,0.56,0.56
2019-05-18,0.01,0.53,0.55
2019-05-19,0.0,0.51,0.54
2019-05-20,0.0,0.5,0.53
2019-05-21,3.38,0.53,0.53
2019-05-22,0.94,0.53,0.53
2019-05-23,11.52,0.58,0.53
2019-05-24,2.69,0.58,0.55
2019-05-25,6.4,0.55,0.54
2019-05-26,5.94,0.62,0.55
2019-05-27,4.37,0.59,0.55
2019-05-28,6.78,0.6,0.55
2019-05-29,5.04,0.62,0.56
2019-05-30,1.85,0.58,0.56
2019-05-31,1.21,0.55,0.55
2019-06-01,1.15,0.54,0.55
2019-06-02,1.39,0.53,0.54
2019-06-03,0.16,0.51,0.54
2019-06-04,0.37,0.5,0.53
2019-06-05,2.27,0.51,0.53
2019-06-06,12.38,0.63,0.55
2019-06-07,6.95,0.62,0.56
2019-06-08,2.32,0.58,0.56
2019-06-09,1.64,0.56,0.55
2019-06-10,5.9,0.58,0.55
2019-06-11,4.0,0.59,0.55
2019-06-12,0.78,0.56,0.55
2019-06-13,1.26,0.54,0.55
2019-06-14,1.11,0.54,0.54
2019-06-15,4.17,0.54,0.54
2019-06-16,3.18,0.57,0.55
2019-06-17,1.76,0.56,0.55
2019-06-18,3.97,0.56,0.54
2019-06-19,0.43,0.55,0.54
2019-06-20,0.06,0.51,0.54
2019-06-21,0.0,0.5,0.53
2019-06-22,0.0,0.49,0.53
2019-06-23,5.09,0.54,0.53
2019-06-24,18.21,0.62,0.54
2019-06-25,2.89,0.63,0.57
2019-06-26,0.27,0.56,0.56
2019-06-27,0.25,0.55,0.55
2019-06-28,5.73,0.57,0.55
2019-06-29,0.94,0.57,0.55
2019-06-30,0.8,0.53,0.55
2019-07-01,0.95,0.53,0.54
2019-07-02,10.99,0.6,0.54
2019-07-03,23.51,0.75,0.58
2019-07-04,11.54,0.7,0.61
2019-07-05,2.79,0.63,0.6
2019-07-06,0.22,0.61,0.59
2019-07-07,0.16,0.59,0.58
2019-07-08,1.52,0.58,0.57
2019-07-09,3.57,0.59,0.56
2019-07-10,0.1,0.55,0.56
2019-07-11,0.0,0.54,0.55
2019-07-12,9.14,0.61,0.56
2019-07-13,2.66,0.59,0.56
2019-07-14,0.53,0.56,0.56
2019-07-15,0.38,0.53,0.55
2019-07-16,0.15,0.53,0.54
2019-07-17,0.02,0.53,0.54
2019-07-18,0.35,0.52,0.54
2019-07-19,0.76,0.52,0.54
2019-07-20,0.2,0.51,0.53
2019-07-21,1.58,0.53,0.53
2019-07-22,0.88,0.52,0.53
2019-07-23,1.71,0.52,0.53
2019-07-24,5.35,0.54,0.53
2019-07-25,4.91,0.59,0.54
2019-07-26,0.9,0.54,0.54
2019-07-27,0.52,0.52,0.54
2019-07-28,1.55,0.53,0.53
2019-07-29,2.19,0.52,0.53
2019-07-30,2.36,0.54,0.53
2019-07-31,5.0,0.57,0.54
2019-08-01,3.73,0.56,0.54
2019-08-02,0.4,0.54,0.54
2019-08-03,0.48,0.52,0.54
2019-08-04,2.46,0.54,0.54
2019-08-05,0.45,0.52,0.53
2019-08-06,0.38,0.52,0.53
2019-08-07,0.14,0.51,0.53
2019-08-08,0.27,0.5,0.53
2019-08-09,3.69,0.53,0.52
2019-08-10,4.91,0.58,0.54
2019-08-11,5.27,0.58,0.54
2019-08-12,4.88,0.56,0.54
2019-08-13,3.72,0.59,0.55
2019-08-14,7.43,0.61,0.55
2019-08-15,1.41,0.59,0.56
2019-08-16,0.45,0.54,0.55
2019-08-17,27.69,0.71,0.57
2019-08-18,1.48,0.63,0.59
2019-08-19,3.36,0.61,0.58
2019-08-20,15.29,0.68,0.59
2019-08-21,5.6,0.67,0.6
2019-08-22,2.22,0.61,0.59
2019-08-23,4.49,0.62,0.58
2019-08-24,11.05,0.66,0.58
2019-08-25,22.68,0.73,0.6
2019-08-26,7.57,0.71,0.63
2019-08-27,3.21,0.66,0.62
2019-08-28,8.73,0.67,0.61
2019-08-29,15.68,0.74,0.63
2019-08-30,31.75,0.8,0.65
2019-08-31,25.49,0.8,0.7
2019-09-01,5.76,0.73,0.68
2019-09-02,37.77,0.82,0.69
2019-09-03,20.97,0.81,0.72
2019-09-04,8.29,0.79,0.73
2019-09-05,4.49,0.75,0.71
2019-09-06,3.3,0.73,0.7
2019-09-07,1.18,0.71,0.68
2019-09-08,0.3,0.68,0.67
2019-09-09,0.62,0.67,0.65
2019-09-10,3.12,0.67,0.64
2019-09-11,12.94,0.75,0.66
2019-09-12,2.32,0.7,0.66
2019-09-13,7.55,0.7,0.65
2019-09-14,6.74,0.72,0.66
2019-09-15,1.43,0.68,0.65
2019-09-16,0.37,0.67,0.64
2019-09-17,0.88,0.65,0.64
2019-09-18,5.9,0.67,0.63
2019-09-19,19.3,0.75,0.64
2019-09-20,22.1,0.8,0.68
2019-09-21,21.38,0.82,0.71
2019-09-22,24.27,0.83,0.73
2019-09-23,6.02,0.78,0.73
2019-09-24,0.52,0.73,0.71
2019-09-25,0.01,0.71,0.69
2019-09-26,0.0,0.69,0.68
2019-09-27,0.08,0.68,0.66
2019-09-28,0.3,0.67,0.65
2019-09-29,0.0,0.66,0.65
2019-09-30,0.0,0.65,0.64
2019-10-01,0.04,0.65,0.63
2019-10-02,0.0,0.65,0.63
2019-10-03,2.54,0.65,0.62
2019-10-04,2.33,0.66,0.63
2019-10-05,9.61,0.7,0.63
2019-10-06,5.25,0.71,0.65
2019-10-07,0.56,0.66,0.64
2019-10-08,1.34,0.67,0.64
2019-10-09,3.77,0.68,0.64
2019-10-10,17.41,0.76,0.65
2019-10-11,2.68,0.71,0.67
2019-10-12,5.55,0.71,0.66
2019-10-13,1.11,0.68,0.66
2019-10-14,0.19,0.67,0.65
2019-10-15,1.24,0.66,0.64
2019-10-16,0.29,0.66,0.64
2019-10-17,0.06,0.65,0.63
2019-10-18,0.0,0.64,0.62
2019-10-19,0.0,0.63,0.61
2019-10-20,0.0,0.62,0.61
2019-10-21,0.0,0.62,0.6
2019-10-22,0.0,0.61,0.6
2019-10-23,0.0,0.6,0.59
2019-10-24,0.0,0.59,0.58
2019-10-25,0.05,0.59,0.58
2019-10-26,0.0,0.59,0.58
2019-10-27,0.0,0.58,0.58
2019-10-28,0.63,0.58,0.57
2019-10-29,0.1,0.58,0.57
2019-10-30,0.0,0.57,0.57
2019-10-31,1.63,0.57,0.57
2019-11-01,9.89,0.65,0.58
2019-11-02,2.03,0.64,0.59
2019-11-03,0.56,0.6,0.58
2019-11-04,0.06,0.59,0.58
2019-11-05,0.0,0.58,0.58
2019-11-06,0.0,0.57,0.57
2019-11-07,0.0,0.57,0.57
2019-11-08,0.0,0.56,0.56
2019-11-09,0.0,0.56,0.56
2019-11-10,0.0,0.55,0.56
2019-11-11,0.0,0.55,0.55
2019-11-12,0.21,0.54,0.55
2019-11-13,0.68,0.55,0.55
2019-11-14,0.14,0.55,0.55
2019-11-15,0.01,0.54,0.55
2019-11-16,0.0,0.53,0.55
2019-11-17,0.0,0.53,0.54
2019-11-18,0.0,0.52,0.54
2019-11-19,0.0,0.52,0.54
2019-11-20,0.0,0.52,0.54
2019-11-21,0.0,0.52,0.54
2019-11-22,0.0,0.52,0.54
2019-11-23,0.0,0.52,0.54
2019-11-24,0.0,0.51,0.53
2019-11-25,0.0,0.51,0.53
2019-11-26,0.0,0.51,0.53
2019-11-27,0.0,0.51,0.53
2019-11-28,0.0,0.5,0.53
2019-11-29,0.0,0.5,0.53
2019-11-30,0.0,0.5,0.53
2019-12-01,0.0,0.5,0.53
2019-12-02,0.0,0.5,0.53
2019-12-03,0.0,0.49,0.53
2019-12-04,0.0,0.5,0.52
2019-12-05,0.0,0.49,0.52
2019-12-06,0.0,0.49,0.52
2019-12-07,0.0,0.49,0.52
2019-12-08,0.0,0.49,0.52
2019-12-09,0.0,0.49,0.52
2019-12-10,0.0,0.49,0.52
2019-12-11,0.0,0.49,0.52
2019-12-12,0.0,0.48,0.52
2019-12-13,0.0,0.48,0.52
2019-12-14,0.0,0.48,0.52
2019-12-15,0.0,0.47,0.52
2019-12-16,0.0,0.46,0.52
2019-12-17,0.0,0.46,0.52
2019-12-18,0.0,0.45,0.52
2019-12-19,0.0,0.45,0.52
2019-12-20,0.0,0.44,0.52
2019-12-21,0.0,0.44,0.52
2019-12-22,0.0,0.43,0.51
2019-12-23,0.0,0.43,0.51
2019-12-24,0.0,0.42,0.51
2019-12-25,0.0,0.42,0.51
2019-12-26,0.0,0.42,0.51
2019-12-27,0.0,0.42,0.51
2019-12-28,0.0,0.41,0.51
2019-12-29,0.0,0.41,0.51
2019-12-30,0.0,0.41,0.51
2019-12-31,0.0,0.41,0.51
2020-01-01,0.0,0.41,0.51
2020-01-02,0.0,0.41,0.51
2020-01-03,0.0,0.4,0.51
2020-01-04,0.0,0.4,0.51
2020-01-05,0.0,0.4,0.51
2020-01-06,0.0,0.4,0.51
2020-01-07,0.0,0.39,0.51
2020-01-08,0.0,0.39,0.51
2020-01-09,0.0,0.38,0.51
2020-01-10,0.0,0.38,0.5
2020-01-11,0.0,0.38,0.5
2020-01-12,0.0,0.38,0.5
2020-01-13,0.0,0.37,0.5
2020-01-14,0.0,0.37,0.5
2020-01-15,0.0,0.37,0.5
2020-01-16,0.0,0.37,0.5
2020-01-17,0.0,0.36,0.5
2020-01-18,0.0,0.36,0.5
2020-01-19,0.0,0.36,0.5
2020-01-20,0.0,0.36,0.5
2020-01-21,0.0,0.36,0.5
2020-01-22,0.0,0.35,0.5
2020-01-23,0.0,0.35,0.5
2020-01-24,0.0,0.35,0.5
2020-01-25,0.01,0.35,0.5
2020-01-26,0.0,0.35,0.5
2020-01-27,0.0,0.35,0.5
2020-01-28,0.0,0.34,0.5
2020-01-29,0.0,0.34,0.5
2020-01-30,0.0,0.34,0.5
2020-01-31,0.0,0.34,0.5
2020-02-01,0.0,0.34,0.5
2020-02-02,0.0,0.34,0.5
2020-02-03,0.0,0.33,0.5
2020-02-04,0.0,0.33,0.5
2020-02-05,0.0,0.33,0.5
2020-02-06,0.0,0.33,0.5
2020-02-07,0.0,0.32,0.5
2020-02-08,0.0,0.32,0.5
2020-02-09,0.0,0.31,0.5
2020-02-10,0.0,0.31,0.5
2020-02-11,0.0,0.31,0.5
2020-02-12,0.0,0.31,0.5
2020-02-13,0.0,0.31,0.5
2020-02-14,0.0,0.3,0.5
2020-02-15,0.0,0.3,0.5
2020-02-16,0.0,0.3,0.5
2020-02-17,0.0,0.29,0.5
2020-02-18,0.02,0.29,0.5
2020-02-19,0.0,0.3,0.5
2020-02-20,0.0,0.3,0.5
2020-02-21,0.0,0.29,0.5
2020-02-22,0.0,0.29,0.5
2020-02-23,0.0,0.29,0.5
2020-02-24,0.0,0.29,0.49
2020-02-25,0.0,0.29,0.49
2020-02-26,0.0,0.28,0.49
2020-02-27,0.0,0.28,0.49
2020-02-28,0.02,0.28,0.49
2020-02-29,0.01,0.28,0.49
2020-03-01,0.0,0.28,0.49
2020-03-02,0.13,0.27,0.49
2020-03-03,0.14,0.28,0.49
2020-03-04,0.16,0.28,0.49
2020-03-05,3.83,0.35,0.5
2020-03-06,3.84,0.45,0.5
2020-03-07,0.82,0.46,0.51
2020-03-08,0.0,0.41,0.5
2020-03-09,0.0,0.37,0.5
2020-03-10,0.0,0.34,0.5
2020-03-11,0.0,0.32,0.5
2020-03-12,0.0,0.3,0.5
2020-03-13,0.0,0.28,0.49
2020-03-14,0.69,0.28,0.49
2020-03-15,8.26,0.48,0.51
2020-03-16,0.07,0.49,0.51
2020-03-17,0.0,0.44,0.51
2020-03-18,0.0,0.41,0.5
2020-03-19,6.01,0.46,0.5
2020-03-20,1.48,0.51,0.51
2020-03-21,10.12,0.55,0.51
2020-03-22,1.35,0.55,0.53
2020-03-23,0.2,0.49,0.52
2020-03-24,0.08,0.47,0.52
2020-03-25,0.51,0.46,0.51
2020-03-26,0.01,0.43,0.51
2020-03-27,0.0,0.4,0.5
2020-03-28,0.0,0.37,0.5
2020-03-29,0.0,0.35,0.5
2020-03-30,0.0,0.33,0.5
2020-03-31,0.0,0.31,0.5
2020-04-01,0.14,0.29,0.49
2020-04-02,0.47,0.29,0.49
2020-04-03,3.18,0.3,0.49
2020-04-04,9.34,0.53,0.51
2020-04-05,1.83,0.52,0.52
2020-04-06,1.84,0.49,0.51
2020-04-07,0.21,0.46,0.51
2020-04-08,0.23,0.43,0.51
2020-04-09,0.36,0.4,0.5
2020-04-10,0.11,0.38,0.5
2020-04-11,0.35,0.37,0.5
2020-04-12,2.98,0.38,0.5
2020-04-13,8.06,0.56,0.52
2020-04-14,0.01,0.5,0.52
2020-04-15,0.0,0.47,0.51
2020-04-16,0.53,0.47,0.51
2020-04-17,8.23,0.54,0.51
2020-04-18,2.0,0.55,0.53
2020-04-19,1.2,0.5,0.52
2020-04-20,0.06,0.48,0.52
2020-04-21,0.31,0.47,0.51
2020-04-22,1.34,0.47,0.51
2020-04-23,3.44,0.52,0.52
2020-04-24,11.42,0.58,0.52
2020-04-25,1.63,0.56,0.54
2020-04-26,0.1,0.51,0.53
2020-04-27,0.53,0.51,0.53
2020-04-28,0.09,0.49,0.52
2020-04-29,0.06,0.47,0.52
2020-04-30,1.27,0.47,0.51
2020-05-01,0.81,0.46,0.51
2020-05-02,0.45,0.45,0.51
2020-05-03,12.83,0.55,0.52
2020-05-04,24.99,0.72,0.57
2020-05-05,0.0,0.57,0.56
2020-05-06,0.0,0.54,0.55
2020-05-07,6.17,0.55,0.55
2020-05-08,2.53,0.58,0.55
2020-05-09,0.01,0.52,0.54
2020-05-10,3.06,0.54,0.54
2020-05-11,11.19,0.61,0.54
2020-05-12,3.08,0.59,0.55
2020-05-13,11.8,0.59,0.55
2020-05-14,17.26,0.71,0.58
2020-05-15,1.13,0.6,0.58
2020-05-16,0.0,0.56,0.56
2020-05-17,6.05,0.59,0.55
2020-05-18,2.33,0.6,0.56
2020-05-19,1.27,0.57,0.56
2020-05-20,0.01,0.53,0.55
2020-05-21,0.0,0.52,0.54
2020-05-22,0.0,0.52,0.54
2020-05-23,0.28,0.52,0.53
2020-05-24,11.74,0.59,0.54
2020-05-25,22.66,0.69,0.56
2020-05-26,4.7,0.66,0.59
2020-05-27,2.23,0.63,0.59
2020-05-28,8.61,0.63,0.58
2020-05-29,45.99,0.84,0.62
2020-05-30,2.96,0.71,0.66
2020-05-31,1.71,0.66,0.64
2020-06-01,4.18,0.66,0.62
2020-06-02,21.66,0.75,0.63
2020-06-03,14.24,0.76,0.66
2020-06-04,0.64,0.67,0.65
2020-06-05,3.09,0.68,0.64
2020-06-06,0.93,0.65,0.63
2020-06-07,1.08,0.64,0.62
2020-06-08,0.82,0.62,0.61
2020-06-09,0.22,0.61,0.6
2020-06-10,0.38,0.6,0.59
2020-06-11,0.09,0.59,0.58
2020-06-12,0.09,0.59,0.58
2020-06-13,4.21,0.6,0.57
2020-06-14,82.55,0.82,0.62
2020-06-15,13.31,0.79,0.7
2020-06-16,4.15,0.72,0.68
2020-06-17,47.56,0.84,0.7
2020-06-18,6.71,0.79,0.74
2020-06-19,0.76,0.73,0.71
2020-06-20,0.35,0.71,0.69
2020-06-21,0.51,0.69,0.67
2020-06-22,3.33,0.69,0.66
2020-06-23,2.34,0.69,0.65
2020-06-24,4.25,0.68,0.65
2020-06-25,41.76,0.79,0.68
2020-06-26,4.51,0.72,0.68
2020-06-27,2.46,0.72,0.68
2020-06-28,7.49,0.72,0.67
2020-06-29,1.12,0.7,0.67
2020-06-30,8.38,0.72,0.67
2020-07-01,2.99,0.7,0.66
2020-07-02,3.07,0.7,0.66
2020-07-03,5.4,0.71,0.66
2020-07-04,4.76,0.71,0.67
2020-07-05,1.9,0.68,0.66
2020-07-06,1.37,0.68,0.65
2020-07-07,2.61,0.68,0.65
2020-07-08,0.7,0.67,0.65
2020-07-09,0.22,0.65,0.64
2020-07-10,2.42,0.66,0.63
2020-07-11,1.1,0.66,0.63
2020-07-12,5.22,0.68,0.63
2020-07-13,1.99,0.67,0.64
2020-07-14,29.16,0.78,0.67
2020-07-15,0.98,0.7,0.67
2020-07-16,5.72,0.72,0.67
2020-07-17,0.34,0.68,0.66
2020-07-18,6.13,0.7,0.66
2020-07-19,18.35,0.77,0.68
2020-07-20,10.9,0.75,0.68
2020-07-21,7.22,0.76,0.69
2020-07-22,0.62,0.71,0.69
2020-07-23,1.19,0.7,0.67
2020-07-24,12.27,0.75,0.67
2020-07-25,3.34,0.72,0.68
2020-07-26,0.09,0.69,0.67
2020-07-27,0.42,0.68,0.66
2020-07-28,5.92,0.71,0.66
2020-07-29,4.46,0.7,0.66
2020-07-30,1.16,0.69,0.66
2020-07-31,6.62,0.7,0.66
2020-08-01,8.77,0.74,0.67
2020-08-02,7.03,0.73,0.68
2020-08-03,2.18,0.71,0.67
2020-08-04,2.21,0.7,0.67
2020-08-05,1.19,0.7,0.67
2020-08-06,15.91,0.74,0.67
2020-08-07,49.76,0.88,0.73
2020-08-08,18.1,0.82,0.76
2020-08-09,2.39,0.76,0.74
2020-08-10,1.68,0.74,0.72
2020-08-11,2.75,0.73,0.71
2020-08-12,4.31,0.74,0.71
2020-08-13,31.32,0.84,0.72
2020-08-14,15.58,0.82,0.75
2020-08-15,14.42,0.82,0.76
2020-08-16,8.22,0.8,0.76
2020-08-17,6.96,0.78,0.74
2020-08-18,3.07,0.77,0.74
2020-08-19,3.54,0.76,0.73
2020-08-20,10.4,0.79,0.74
2020-08-21,5.39,0.77,0.74
2020-08-22,2.82,0.75,0.73
2020-08-23,4.54,0.75,0.72
2020-08-24,2.0,0.75,0.72
2020-08-25,0.06,0.72,0.71
2020-08-26,0.0,0.71,0.7
2020-08-27,2.04,0.72,0.7
2020-08-28,1.11,0.72,0.7
2020-08-29,3.83,0.73,0.7
2020-08-30,2.11,0.73,0.7
2020-08-31,6.56,0.75,0.7
2020-09-01,6.31,0.75,0.71
2020-09-02,0.56,0.72,0.71
2020-09-03,19.22,0.79,0.71
2020-09-04,3.19,0.77,0.73
2020-09-05,0.48,0.75,0.72
2020-09-06,3.71,0.76,0.72
2020-09-07,7.85,0.77,0.72
2020-09-08,1.66,0.75,0.73
2020-09-09,0.65,0.74,0.72
2020-09-10,1.29,0.74,0.71
2020-09-11,24.18,0.8,0.72
2020-09-12,7.79,0.8,0.75
2020-09-13,19.26,0.83,0.77
2020-09-14,1.03,0.77,0.76
2020-09-15,0.46,0.76,0.74
2020-09-16,1.42,0.75,0.74
2020-09-17,2.24,0.75,0.73
2020-09-18,82.11,0.87,0.75
2020-09-19,54.95,0.87,0.82
2020-09-20,9.92,0.84,0.81
2020-09-21,4.3,0.81,0.79
2020-09-22,9.28,0.83,0.79
2020-09-23,6.01,0.8,0.78
2020-09-24,11.65,0.84,0.79
2020-09-25,0.33,0.79,0.78
2020-09-26,0.95,0.79,0.77
2020-09-27,6.42,0.8,0.77
2020-09-28,9.06,0.82,0.78
2020-09-29,8.26,0.82,0.78
2020-09-30,1.01,0.8,0.78
2020-10-01,3.47,0.79,0.77
2020-10-02,15.58,0.84,0.78
2020-10-03,2.25,0.81,0.79
2020-10-04,2.38,0.8,0.78
2020-10-05,2.37,0.8,0.78
2020-10-06,2.76,0.8,0.78
2020-10-07,1.33,0.79,0.77
2020-10-08,6.69,0.81,0.78
2020-10-09,3.94,0.81,0.78
2020-10-10,5.55,0.8,0.78
2020-10-11,2.86,0.8,0.78
2020-10-12,8.62,0.82,0.78
2020-10-13,14.3,0.84,0.79
2020-10-14,6.91,0.83,0.8
2020-10-15,108.44,0.87,0.8
2020-10-16,26.68,0.9,0.86
2020-10-17,39.25,0.92,0.87
2020-10-18,6.25,0.87,0.86
2020-10-19,0.83,0.85,0.84
2020-10-20,0.66,0.83,0.83
2020-10-21,0.72,0.83,0.82
2020-10-22,0.0,0.82,0.82
2020-10-23,0.0,0.82,0.81
2020-10-24,0.0,0.82,0.81
2020-10-25,0.41,0.81,0.8
2020-10-26,1.48,0.82,0.8
2020-10-27,0.5,0.81,0.8
2020-10-28,8.93,0.83,0.8
2020-10-29,26.78,0.89,0.84
2020-10-30,1.23,0.84,0.83
2020-10-31,5.25,0.84,0.82
2020-11-01,1.02,0.83,0.82
2020-11-02,0.57,0.82,0.81
2020-11-03,0.0,0.82,0.81
2020-11-04,0.0,0.81,0.8
2020-11-05,0.0,0.81,0.8
2020-11-06,0.0,0.81,0.79
2020-11-07,0.12,0.8,0.79
2020-11-08,0.01,0.8,0.79
2020-11-09,0.0,0.79,0.78
2020-11-10,0.0,0.79,0.78
2020-11-11,0.68,0.79,0.78
2020-11-12,1.0,0.79,0.77
2020-11-13,0.01,0.78,0.77
2020-11-14,0.0,0.78,0.77
2020-11-15,0.0,0.78,0.76
2020-11-16,0.0,0.78,0.76
2020-11-17,0.0,0.77,0.76
2020-11-18,0.0,0.77,0.75
2020-11-19,0.0,0.76,0.75
2020-11-20,0.08,0.76,0.74
2020-11-21,0.09,0.76,0.74
2020-11-22,0.64,0.76,0.74
2020-11-23,0.01,0.76,0.74
2020-11-24,0.0,0.75,0.74
2020-11-25,0.0,0.75,0.73
2020-11-26,0.0,0.75,0.73
2020-11-27,0.0,0.74,0.73
2020-11-28,0.0,0.74,0.73
2020-11-29,0.0,0.74,0.72
2020-11-30,0.0,0.74,0.72
2020-12-01,0.0,0.74,0.72
2020-12-02,0.0,0.74,0.72
2020-12-03,0.0,0.73,0.72
2020-12-04,0.0,0.73,0.71
2020-12-05,0.0,0.73,0.71
2020-12-06,0.0,0.72,0.71
2020-12-07,0.0,0.72,0.71
2020-12-08,0.0,0.72,0.7
2020-12-09,0.0,0.72,0.7
2020-12-10,0.0,0.71,0.7
2020-12-11,0.0,0.71,0.69
2020-12-12,0.0,0.71,0.69
2020-12-13,0.0,0.71,0.69
2020-12-14,0.08,0.7,0.69
2020-12-15,0.06,0.7,0.68
2020-12-16,0.0,0.7,0.68
2020-12-17,0.0,0.69,0.68
2020-12-18,0.0,0.69,0.67
2020-12-19,0.0,0.68,0.67
2020-12-20,0.0,0.68,0.67
2020-12-21,0.0,0.68,0.66
2020-12-22,0.0,0.68,0.66
2020-12-23,0.0,0.68,0.66
2020-12-24,0.0,0.67,0.66
2020-12-25,0.0,0.67,0.65
2020-12-26,0.0,0.67,0.65
2020-12-27,0.0,0.67,0.65
2020-12-28,0.0,0.66,0.65
2020-12-29,0.0,0.66,0.64
2020-12-30,0.0,0.65,0.64
2020-12-31,0.0,0.65,0.64
2021-01-01,0.0,0.65,0.63
2021-01-02,0.0,0.65,0.63
2021-01-03,0.0,0.64,0.63
2021-01-04,0.0,0.64,0.63
2021-01-05,0.0,0.63,0.62
2021-01-06,0.0,0.63,0.62
2021-01-07,0.0,0.63,0.62
2021-01-08,0.0,0.62,0.62
2021-01-09,0.0,0.62,0.61
2021-01-10,0.0,0.62,0.61
2021-01-11,0.0,0.62,0.61
2021-01-12,0.0,0.61,0.61
2021-01-13,0.0,0.61,0.61
2021-01-14,0.0,0.61,0.61
2021-01-15,0.0,0.61,0.61
2021-01-16,0.0,0.61,0.6
2021-01-17,0.0,0.6,0.6
2021-01-18,0.0,0.6,0.6
2021-01-19,0.0,0.6,0.6
2021-01-20,0.0,0.6,0.6
2021-01-21,0.0,0.6,0.6
2021-01-22,0.0,0.59,0.59
2021-01-23,0.0,0.59,0.59
2021-01-24,0.0,0.59,0.59
2021-01-25,0.0,0.58,0.59
2021-01-26,0.0,0.58,0.59
2021-01-27,0.0,0.58,0.58
2021-01-28,0.0,0.57,0.58
2021-01-29,0.0,0.58,0.58
2021-01-30,0.0,0.57,0.58
2021-01-31,0.0,0.57,0.58
2021-02-01,0.0,0.57,0.57
2021-02-02,0.0,0.56,0.57
2021-02-03,0.0,0.56,0.57
2021-02-04,0.0,0.56,0.57
2021-02-05,0.0,0.56,0.56
2021-02-06,0.0,0.55,0.56
2021-02-07,0.0,0.55,0.56
2021-02-08,0.38,0.55,0.56
2021-02-09,12.77,0.65,0.57
2021-02-10,2.47,0.63,0.59
2021-02-11,0.0,0.58,0.58
2021-02-12,0.0,0.57,0.58
2021-02-13,0.0,0.57,0.57
2021-02-14,0.0,0.56,0.57
2021-02-15,0.0,0.56,0.57
2021-02-16,0.0,0.55,0.56
2021-02-17,0.03,0.55,0.56
2021-02-18,0.0,0.55,0.56
2021-02-19,0.0,0.54,0.55
2021-02-20,0.0,0.54,0.55
2021-02-21,0.0,0.53,0.55
2021-02-22,0.0,0.52,0.55
2021-02-23,0.0,0.51,0.54
2021-02-24,0.0,0.5,0.54
2021-02-25,0.0,0.49,0.54
2021-02-26,0.0,0.48,0.54
2021-02-27,0.0,0.47,0.54
2021-02-28,0.0,0.46,0.53
2021-03-01,0.0,0.45,0.53
2021-03-02,0.14,0.44,0.53
2021-03-03,7.93,0.49,0.53
2021-03-04,0.86,0.59,0.55
2021-03-05,2.06,0.56,0.55
2021-03-06,0.18,0.54,0.55
2021-03-07,0.05,0.52,0.54
2021-03-08,0.57,0.53,0.54
2021-03-09,0.07,0.51,0.54
2021-03-10,0.3,0.5,0.53
2021-03-11,0.23,0.48,0.53
2021-03-12,0.0,0.46,0.53
2021-03-13,0.0,0.44,0.53
2021-03-14,0.0,0.43,0.53
2021-03-15,0.0,0.43,0.53
2021-03-16,0.0,0.42,0.52
2021-03-17,0.0,0.41,0.52
2021-03-18,0.0,0.41,0.52
2021-03-19,0.0,0.4,0.52
2021-03-20,0.0,0.4,0.52
2021-03-21,5.55,0.45,0.52
2021-03-22,3.81,0.57,0.54
2021-03-23,0.0,0.51,0.53
2021-03-24,0.0,0.49,0.53
2021-03-25,0.0,0.47,0.53
2021-03-26,0.0,0.44,0.52
2021-03-27,0.17,0.43,0.52
2021-03-28,4.82,0.48,0.52
2021-03-29,0.21,0.5,0.53
2021-03-30,0.03,0.45,0.52
2021-03-31,0.0,0.43,0.52
2021-04-01,0.07,0.41,0.52
2021-04-02,0.1,0.4,0.52
2021-04-03,0.11,0.4,0.52
2021-04-04,19.85,0.46,0.52
2021-04-05,45.01,0.75,0.6
2021-04-06,1.98,0.63,0.6
2021-04-07,4.26,0.64,0.6
2021-04-08,1.04,0.59,0.59
2021-04-09,4.76,0.61,0.58
2021-04-10,1.18,0.6,0.58
2021-04-11,2.38,0.59,0.57
2021-04-12,1.77,0.6,0.57
2021-04-13,13.39,0.65,0.57
2021-04-14,4.84,0.67,0.6
2021-04-15,0.85,0.61,0.59
2021-04-16,0.15,0.59,0.58
2021-04-17,0.24,0.59,0.58
2021-04-18,8.51,0.63,0.58
2021-04-19,14.82,0.65,0.58
2021-04-20,2.94,0.67,0.6
2021-04-21,0.01,0.6,0.59
2021-04-22,0.72,0.59,0.58
2021-04-23,9.93,0.65,0.58
2021-04-24,1.66,0.63,0.59
2021-04-25,0.22,0.59,0.58
2021-04-26,1.7,0.6,0.58
2021-04-27,7.6,0.64,0.58
2021-04-28,6.69,0.65,0.59
2021-04-29,68.25,0.89,0.66
2021-04-30,19.72,0.81,0.71
2021-05-01,1.36,0.73,0.7
2021-05-02,13.71,0.76,0.68
2021-05-03,2.47,0.73,0.68
2021-05-04,12.52,0.75,0.68
2021-05-05,7.31,0.74,0.68
2021-05-06,9.32,0.75,0.68
2021-05-07,6.92,0.74,0.68
2021-05-08,0.77,0.69,0.67
2021-05-09,0.11,0.66,0.65
2021-05-10,0.0,0.65,0.64
2021-05-11,0.06,0.64,0.63
2021-05-12,0.02,0.64,0.62
2021-05-13,0.01,0.63,0.62
2021-05-14,0.01,0.62,0.61
2021-05-15,0.62,0.62,0.6
2021-05-16,8.36,0.67,0.61
2021-05-17,1.45,0.65,0.61
2021-05-18,1.23,0.64,0.61
2021-05-19,1.11,0.64,0.61
2021-05-20,1.3,0.64,0.61
2021-05-21,2.71,0.65,0.61
2021-05-22,0.42,0.63,0.61
2021-05-23,0.21,0.61,0.6
2021-05-24,9.3,0.66,0.6
2021-05-25,9.98,0.71,0.62
2021-05-26,6.07,0.69,0.63
2021-05-27,5.36,0.67,0.63
2021-05-28,5.28,0.7,0.63
2021-05-29,0.15,0.66,0.63
2021-05-30,0.01,0.64,0.62
2021-05-31,5.35,0.67,0.62
2021-06-01,1.09,0.64,0.62
2021-06-02,0.04,0.63,0.61
2021-06-03,0.0,0.62,0.61
2021-06-04,0.17,0.62,0.6
2021-06-05,0.64,0.62,0.6
2021-06-06,13.86,0.68,0.6
2021-06-07,6.53,0.7,0.63
2021-06-08,2.41,0.67,0.63
2021-06-09,1.41,0.65,0.62
2021-06-10,3.37,0.66,0.62
2021-06-11,4.3,0.67,0.63
2021-06-12,3.21,0.67,0.62
2021-06-13,3.3,0.67,0.63
2021-06-14,1.41,0.64,0.62
2021-06-15,5.96,0.67,0.62
2021-06-16,1.49,0.63,0.61
2021-06-17,4.83,0.66,0.61
2021-06-18,0.15,0.62,0.61
2021-06-19,0.61,0.6,0.6
2021-06-20,2.99,0.61,0.59
2021-06-21,1.43,0.61,0.59
2021-06-22,0.92,0.6,0.59
2021-06-23,0.08,0.59,0.58
2021-06-24,0.54,0.59,0.58
2021-06-25,0.1,0.58,0.58
2021-06-26,0.69,0.58,0.57
2021-06-27,1.36,0.58,0.57
2021-06-28,1.63,0.59,0.57
2021-06-29,3.39,0.59,0.57
2021-06-30,3.59,0.6,0.57
2021-07-01,1.07,0.6,0.58
2021-07-02,0.26,0.58,0.57
2021-07-03,0.93,0.58,0.57
2021-07-04,0.22,0.57,0.57
2021-07-05,0.94,0.56,0.56
2021-07-06,32.35,0.73,0.58
2021-07-07,44.66,0.85,0.67
2021-07-08,18.18,0.8,0.7
2021-07-09,4.7,0.74,0.69
2021-07-10,27.94,0.82,0.7
2021-07-11,11.99,0.78,0.71
2021-07-12,3.4,0.74,0.7
2021-07-13,6.23,0.74,0.69
2021-07-14,4.85,0.71,0.68
2021-07-15,22.55,0.82,0.7
2021-07-16,10.64,0.78,0.72
2021-07-17,6.61,0.75,0.7
2021-07-18,2.89,0.72,0.69
2021-07-19,4.42,0.72,0.68
2021-07-20,1.13,0.7,0.68
2021-07-21,0.69,0.68,0.67
2021-07-22,3.14,0.69,0.66
2021-07-23,5.71,0.71,0.66
2021-07-24,17.73,0.77,0.68
2021-07-25,20.21,0.81,0.71
2021-07-26,3.6,0.75,0.71
2021-07-27,0.12,0.71,0.7
2021-07-28,2.92,0.71,0.68
2021-07-29,0.73,0.69,0.67
2021-07-30,1.27,0.69,0.67
2021-07-31,0.17,0.68,0.66
2021-08-01,0.07,0.66,0.65
2021-08-02,0.19,0.66,0.64
2021-08-03,3.88,0.67,0.64
2021-08-04,0.79,0.68,0.64
2021-08-05,2.6,0.66,0.64
2021-08-06,9.21,0.71,0.64
2021-08-07,0.52,0.67,0.65
2021-08-08,0.07,0.66,0.64
2021-08-09,0.09,0.65,0.64
2021-08-10,0.24,0.65,0.63
2021-08-11,1.13,0.65,0.63
2021-08-12,0.42,0.65,0.63
2021-08-13,2.99,0.65,0.62
2021-08-14,9.66,0.7,0.63
2021-08-15,5.17,0.7,0.65
2021-08-16,3.33,0.69,0.65
2021-08-17,0.14,0.66,0.64
2021-08-18,0.47,0.65,0.64
2021-08-19,0.98,0.65,0.63
2021-08-20,7.49,0.7,0.64
2021-08-21,0.94,0.66,0.64
2021-08-22,0.96,0.65,0.63
2021-08-23,1.87,0.66,0.63
2021-08-24,9.43,0.7,0.63
2021-08-25,6.69,0.72,0.65
2021-08-26,11.54,0.73,0.66
2021-08-27,6.8,0.72,0.67
2021-08-28,9.86,0.74,0.67
2021-08-29,22.24,0.82,0.7
2021-08-30,14.6,0.77,0.7
2021-08-31,20.63,0.82,0.73
2021-09-01,5.93,0.78,0.73
2021-09-02,7.05,0.77,0.72
2021-09-03,4.0,0.77,0.72
2021-09-04,4.83,0.75,0.71
2021-09-05,2.44,0.73,0.71
2021-09-06,5.76,0.75,0.7
2021-09-07,15.3,0.79,0.71
2021-09-08,11.72,0.8,0.73
2021-09-09,10.39,0.79,0.73
2021-09-10,18.62,0.82,0.74
2021-09-11,3.37,0.78,0.74
2021-09-12,1.49,0.76,0.73
2021-09-13,4.74,0.75,0.72
2021-09-14,23.9,0.84,0.75
2021-09-15,16.42,0.82,0.76
2021-09-16,2.79,0.79,0.76
2021-09-17,6.99,0.8,0.76
2021-09-18,0.54,0.77,0.75
2021-09-19,10.59,0.8,0.74
2021-09-20,17.65,0.83,0.76
2021-09-21,18.59,0.85,0.78
2021-09-22,35.66,0.88,0.81
2021-09-23,10.15,0.85,0.82
2021-09-24,45.42,0.91,0.83
2021-09-25,30.7,0.91,0.86
2021-09-26,27.54,0.91,0.87
2021-09-27,9.17,0.87,0.86
2021-09-28,3.02,0.85,0.84
2021-09-29,0.95,0.83,0.83
2021-09-30,0.09,0.82,0.82
2021-10-01,0.48,0.82,0.81
2021-10-02,5.23,0.83,0.81
2021-10-03,1.02,0.82,0.81
2021-10-04,1.47,0.82,0.81
2021-10-05,2.18,0.82,0.8
2021-10-06,1.42,0.82,0.8
2021-10-07,2.79,0.82,0.8
2021-10-08,0.84,0.81,0.8
2021-10-09,0.19,0.8,0.79
2021-10-10,0.15,0.8,0.79
2021-10-11,9.1,0.83,0.79
2021-10-12,17.29,0.85,0.8
2021-10-13,16.77,0.86,0.83
2021-10-14,17.49,0.87,0.83
2021-10-15,37.12,0.92,0.85
2021-10-16,44.43,0.92,0.87
2021-10-17,22.93,0.92,0.9
2021-10-18,7.44,0.89,0.89
2021-10-19,0.84,0.87,0.88
2021-10-20,1.75,0.86,0.87
2021-10-21,0.78,0.86,0.86
2021-10-22,11.76,0.87,0.86
2021-10-23,4.49,0.88,0.87
2021-10-24,0.0,0.86,0.86
2021-10-25,0.0,0.85,0.86
2021-10-26,0.0,0.85,0.85
2021-10-27,0.17,0.85,0.84
2021-10-28,16.22,0.88,0.85
2021-10-29,5.14,0.87,0.86
2021-10-30,5.93,0.87,0.86
2021-10-31,1.69,0.85,0.85
2021-11-01,4.34,0.86,0.85
2021-11-02,2.86,0.86,0.85
2021-11-03,0.66,0.85,0.85
2021-11-04,0.09,0.84,0.84
2021-11-05,0.08,0.84,0.84
2021-11-06,0.22,0.84,0.83
2021-11-07,0.63,0.83,0.83
2021-11-08,0.12,0.83,0.82
2021-11-09,0.11,0.83,0.82
2021-11-10,0.0,0.83,0.82
2021-11-11,0.01,0.82,0.81
2021-11-12,0.02,0.82,0.81
2021-11-13,0.0,0.82,0.81
2021-11-14,0.24,0.82,0.8
2021-11-15,0.04,0.81,0.8
2021-11-16,0.27,0.81,0.8
2021-11-17,0.09,0.81,0.8
2021-11-18,0.21,0.81,0.79
2021-11-19,0.05,0.8,0.79
2021-11-20,0.04,0.8,0.79
2021-11-21,0.03,0.8,0.78
2021-11-22,0.23,0.8,0.78
2021-11-23,0.2,0.79,0.78
2021-11-24,0.3,0.79,0.78
2021-11-25,0.0,0.79,0.77
2021-11-26,0.0,0.79,0.77
2021-11-27,0.0,0.78,0.77
2021-11-28,0.0,0.78,0.77
2021-11-29,0.0,0.78,0.76
2021-11-30,0.0,0.78,0.76
2021-12-01,0.0,0.77,0.76
2021-12-02,0.0,0.77,0.76
2021-12-03,0.0,0.77,0.75
2021-12-04,0.0,0.77,0.75
2021-12-05,0.0,0.76,0.75
2021-12-06,0.0,0.76,0.74
2021-12-07,0.0,0.76,0.74
2021-12-08,0.0,0.76,0.74
2021-12-09,0.0,0.76,0.74
2021-12-10,0.0,0.75,0.74
2021-12-11,0.0,0.75,0.73
2021-12-12,0.0,0.75,0.73
2021-12-13,0.0,0.74,0.73
2021-12-14,0.0,0.74,0.73
2021-12-15,0.0,0.74,0.72
2021-12-16,0.0,0.74,0.72
2021-12-17,0.0,0.73,0.72
2021-12-18,0.0,0.73,0.72
2021-12-19,0.0,0.73,0.71
2021-12-20,0.0,0.73,0.71
2021-12-21,0.0,0.72,0.71
2021-12-22,0.0,0.72,0.71
2021-12-23,0.0,0.72,0.7
2021-12-24,0.38,0.72,0.7
2021-12-25,10.96,0.74,0.7
2021-12-26,6.36,0.78,0.72
2021-12-27,0.01,0.73,0.72
2021-12-28,0.0,0.72,0.71
2021-12-29,0.0,0.72,0.7
2021-12-30,0.0,0.71,0.7
2021-12-31,0.0,0.71,0.7
2022-01-01,0.0,0.71,0.69
2022-01-02,0.0,0.7,0.69
2022-01-03,0.0,0.7,0.68
2022-01-04,0.0,0.7,0.68
2022-01-05,0.0,0.69,0.68
2022-01-06,0.0,0.69,0.67
2022-01-07,0.0,0.69,0.67
2022-01-08,0.0,0.68,0.67
2022-01-09,0.0,0.68,0.66
2022-01-10,0.0,0.68,0.66
2022-01-11,0.0,0.67,0.66
2022-01-12,0.0,0.67,0.65
2022-01-13,0.0,0.67,0.65
2022-01-14,0.0,0.66,0.65
2022-01-15,0.0,0.66,0.65
2022-01-16,0.0,0.66,0.64
2022-01-17,0.0,0.66,0.64
2022-01-18,0.0,0.65,0.64
2022-01-19,0.0,0.65,0.63
2022-01-20,1.34,0.65,0.63
2022-01-21,3.91,0.69,0.64
2022-01-22,7.39,0.72,0.65
2022-01-23,0.35,0.68,0.65
2022-01-24,0.01,0.66,0.65
2022-01-25,0.0,0.66,0.64
2022-01-26,0.0,0.65,0.64
2022-01-27,0.0,0.65,0.63
2022-01-28,0.0,0.64,0.63
2022-01-29,0.12,0.64,0.62
2022-01-30,0.0,0.63,0.62
2022-01-31,0.0,0.62,0.62
2022-02-01,0.0,0.62,0.61
2022-02-02,1.44,0.62,0.61
2022-02-03,0.46,0.62,0.61
2022-02-04,2.45,0.63,0.61
2022-02-05,0.26,0.62,0.61
2022-02-06,0.0,0.62,0.61
2022-02-07,0.0,0.61,0.61
2022-02-08,0.0,0.6,0.6
2022-02-09,0.1,0.6,0.6
2022-02-10,0.15,0.6,0.6
2022-02-11,2.39,0.61,0.6
2022-02-12,3.48,0.64,0.6
2022-02-13,0.56,0.62,0.61
2022-02-14,7.93,0.65,0.61
2022-02-15,1.72,0.65,0.62
2022-02-16,0.56,0.63,0.62
2022-02-17,0.82,0.63,0.61
2022-02-18,1.11,0.62,0.61
2022-02-19,0.32,0.61,0.6
2022-02-20,2.74,0.63,0.6
2022-02-21,0.93,0.62,0.6
2022-02-22,0.01,0.6,0.6
2022-02-23,0.0,0.59,0.6
2022-02-24,0.0,0.59,0.59
2022-02-25,0.0,0.58,0.59
2022-02-26,0.0,0.58,0.59
2022-02-27,0.0,0.57,0.58
2022-02-28,0.0,0.57,0.58
2022-03-01,0.0,0.56,0.58
2022-03-02,0.21,0.56,0.57
2022-03-03,0.05,0.56,0.57
2022-03-04,0.0,0.55,0.57
2022-03-05,1.51,0.56,0.56
2022-03-06,4.07,0.6,0.57
2022-03-07,25.99,0.73,0.59
2022-03-08,0.13,0.65,0.62
2022-03-09,0.0,0.62,0.61
2022-03-10,0.0,0.6,0.6
2022-03-11,0.0,0.59,0.6
2022-03-12,0.0,0.58,0.59
2022-03-13,0.12,0.57,0.58
2022-03-14,0.16,0.57,0.58
2022-03-15,1.98,0.58,0.57
2022-03-16,6.37,0.61,0.57
2022-03-17,0.88,0.6,0.58
2022-03-18,38.43,0.76,0.61
2022-03-19,1.56,0.67,0.64
2022-03-20,3.1,0.66,0.63
2022-03-21,4.69,0.67,0.63
2022-03-22,2.71,0.66,0.63
2022-03-23,1.16,0.65,0.62
2022-03-24,1.63,0.64,0.62
2022-03-25,1.94,0.64,0.61
2022-03-26,0.19,0.62,0.61
2022-03-27,0.63,0.61,0.6
2022-03-28,7.9,0.68,0.61
2022-03-29,6.11,0.66,0.61
2022-03-30,4.38,0.66,0.62
2022-03-31,0.48,0.62,0.61
2022-04-01,1.51,0.6,0.6
2022-04-02,32.54,0.78,0.62
2022-04-03,3.13,0.7,0.65
2022-04-04,0.02,0.65,0.64
2022-04-05,0.0,0.63,0.63
2022-04-06,0.01,0.62,0.61
2022-04-07,0.0,0.61,0.6
2022-04-08,0.0,0.6,0.6
2022-04-09,0.0,0.59,0.59
2022-04-10,0.0,0.58,0.58
2022-04-11,0.0,0.57,0.58
2022-04-12,0.36,0.57,0.57
2022-04-13,0.09,0.56,0.57
2022-04-14,0.13,0.55,0.57
2022-04-15,0.01,0.54,0.56
2022-04-16,0.71,0.55,0.56
2022-04-17,2.1,0.56,0.56
2022-04-18,18.85,0.71,0.58
2022-04-19,11.43,0.7,0.61
2022-04-20,0.55,0.62,0.61
2022-04-21,0.49,0.61,0.6
2022-04-22,0.47,0.59,0.59
2022-04-23,1.61,0.6,0.59
2022-04-24,0.0,0.58,0.58
2022-04-25,0.19,0.57,0.57
2022-04-26,0.02,0.56,0.57
2022-04-27,0.0,0.56,0.56
2022-04-28,10.71,0.63,0.57
2022-04-29,0.2,0.6,0.58
2022-04-30,4.14,0.62,0.58
2022-05-01,7.05,0.64,0.59
2022-05-02,8.31,0.67,0.6
2022-05-03,0.78,0.61,0.6
2022-05-04,0.04,0.59,0.59
2022-05-05,0.02,0.58,0.58
2022-05-06,10.37,0.64,0.58
2022-05-07,13.5,0.72,0.61
2022-05-08,3.56,0.66,0.61
2022-05-09,8.68,0.68,0.62
2022-05-10,12.95,0.73,0.64
2022-05-11,27.07,0.77,0.65
2022-05-12,19.23,0.8,0.68
2022-05-13,0.3,0.71,0.68
2022-05-14,0.44,0.68,0.66
2022-05-15,17.71,0.76,0.66
2022-05-16,25.81,0.79,0.69
2022-05-17,55.83,0.91,0.75
2022-05-18,17.39,0.82,0.76
2022-05-19,7.99,0.81,0.76
2022-05-20,3.47,0.76,0.74
2022-05-21,4.48,0.76,0.72
2022-05-22,1.74,0.73,0.71
2022-05-23,0.01,0.7,0.69
2022-05-24,2.98,0.71,0.68
2022-05-25,1.63,0.7,0.68
2022-05-26,0.19,0.69,0.67
2022-05-27,4.32,0.71,0.67
2022-05-28,0.58,0.68,0.66
2022-05-29,0.37,0.67,0.65
2022-05-30,1.9,0.67,0.65
2022-05-31,12.57,0.74,0.66
2022-06-01,0.33,0.69,0.66
2022-06-02,1.34,0.68,0.66
2022-06-03,5.69,0.7,0.66
2022-06-04,22.11,0.78,0.68
2022-06-05,17.14,0.81,0.72
2022-06-06,1.26,0.74,0.71
2022-06-07,0.39,0.71,0.7
2022-06-08,0.04,0.7,0.69
2022-06-09,0.01,0.7,0.68
2022-06-10,0.02,0.69,0.67
2022-06-11,0.07,0.68,0.66
2022-06-12,0.21,0.68,0.66
2022-06-13,0.43,0.68,0.66
2022-06-14,1.28,0.67,0.65
2022-06-15,10.78,0.73,0.66
2022-06-16,1.13,0.7,0.67
2022-06-17,15.72,0.75,0.67
2022-06-18,4.04,0.74,0.69
2022-06-19,0.31,0.7,0.68
2022-06-20,0.29,0.68,0.67
2022-06-21,0.52,0.68,0.66
2022-06-22,0.4,0.67,0.65
2022-06-23,0.41,0.68,0.65
2022-06-24,4.59,0.7,0.65
2022-06-25,2.48,0.69,0.66
2022-06-26,1.48,0.67,0.65
2022-06-27,5.27,0.7,0.65
2022-06-28,4.88,0.71,0.66
2022-06-29,0.9,0.69,0.66
2022-06-30,1.8,0.68,0.65
2022-07-01,1.63,0.68,0.65
2022-07-02,1.98,0.68,0.65
2022-07-03,0.57,0.66,0.65
2022-07-04,0.92,0.67,0.64
2022-07-05,0.31,0.66,0.64
2022-07-06,0.75,0.65,0.63
2022-07-07,1.92,0.65,0.63
2022-07-08,9.76,0.7,0.64
2022-07-09,20.26,0.78,0.66
2022-07-10,19.41,0.78,0.68
2022-07-11,14.53,0.78,0.7
2022-07-12,16.4,0.81,0.73
2022-07-13,11.43,0.8,0.73
2022-07-14,1.6,0.74,0.72
2022-07-15,4.97,0.75,0.71
2022-07-16,1.57,0.72,0.7
2022-07-17,5.45,0.74,0.7
2022-07-18,0.8,0.72,0.69
2022-07-19,19.93,0.79,0.71
2022-07-20,32.76,0.86,0.74
2022-07-21,11.91,0.81,0.76
2022-07-22,7.15,0.79,0.75
2022-07-23,0.57,0.75,0.74
2022-07-24,4.29,0.76,0.73
2022-07-25,5.04,0.76,0.73
2022-07-26,0.67,0.73,0.72
2022-07-27,1.74,0.74,0.71
2022-07-28,27.62,0.83,0.73
2022-07-29,6.71,0.79,0.75
2022-07-30,14.41,0.81,0.75
2022-07-31,39.56,0.89,0.78
2022-08-01,3.36,0.81,0.8
2022-08-02,8.56,0.81,0.78
2022-08-03,4.91,0.79,0.77
2022-08-04,2.6,0.79,0.76
2022-08-05,0.58,0.77,0.76
2022-08-06,1.06,0.76,0.75
2022-08-07,7.67,0.78,0.75
2022-08-08,14.79,0.83,0.77
2022-08-09,3.12,0.79,0.77
2022-08-10,15.78,0.83,0.77
2022-08-11,7.77,0.81,0.78
2022-08-12,4.79,0.79,0.77
2022-08-13,10.04,0.81,0.77
2022-08-14,1.04,0.78,0.77
2022-08-15,25.01,0.85,0.78
2022-08-16,16.41,0.86,0.81
2022-08-17,6.12,0.82,0.8
2022-08-18,1.22,0.8,0.79
2022-08-19,5.23,0.81,0.78
2022-08-20,6.63,0.81,0.78
2022-08-21,4.38,0.81,0.78
2022-08-22,0.95,0.79,0.78
2022-08-23,0.05,0.78,0.77
2022-08-24,1.58,0.78,0.76
2022-08-25,15.41,0.84,0.78
2022-08-26,16.22,0.85,0.79
2022-08-27,1.2,0.8,0.79
2022-08-28,7.77,0.81,0.78
2022-08-29,10.87,0.83,0.79
2022-08-30,1.53,0.81,0.79
2022-08-31,10.29,0.83,0.79
2022-09-01,2.19,0.8,0.79
2022-09-02,46.7,0.88,0.8
2022-09-03,8.6,0.86,0.84
2022-09-04,13.54,0.86,0.83
2022-09-05,5.92,0.85,0.83
2022-09-06,5.84,0.84,0.82
2022-09-07,21.97,0.88,0.83
2022-09-08,13.32,0.88,0.84
2022-09-09,18.39,0.89,0.85
2022-09-10,14.61,0.88,0.86
2022-09-11,7.77,0.87,0.85
2022-09-12,5.44,0.86,0.85
2022-09-13,15.62,0.88,0.86
2022-09-14,6.59,0.87,0.85
2022-09-15,2.65,0.86,0.85
2022-09-16,3.15,0.86,0.85
2022-09-17,4.05,0.86,0.85
2022-09-18,12.42,0.88,0.85
2022-09-19,9.98,0.88,0.86
2022-09-20,12.19,0.89,0.87
2022-09-21,5.49,0.88,0.87
2022-09-22,6.91,0.88,0.87
2022-09-23,15.47,0.9,0.88
2022-09-24,13.19,0.9,0.88
2022-09-25,28.54,0.93,0.9
2022-09-26,33.77,0.94,0.93
2022-09-27,3.25,0.91,0.93
2022-09-28,20.03,0.92,0.93
2022-09-29,87.01,0.98,0.97
2022-09-30,7.07,0.94,0.98
2022-10-01,5.95,0.93,0.97
2022-10-02,12.85,0.94,0.98
2022-10-03,19.78,0.95,0.98
2022-10-04,2.75,0.94,0.98
2022-10-05,9.62,0.95,0.98
2022-10-06,13.9,0.95,0.98
2022-10-07,2.9,0.94,0.98
2022-10-08,5.33,0.94,0.98
2022-10-09,12.68,0.95,0.98
2022-10-10,4.71,0.94,0.98
2022-10-11,0.46,0.93,0.98
2022-10-12,0.03,0.92,0.97
2022-10-13,0.0,0.92,0.96
2022-10-14,0.62,0.92,0.96
2022-10-15,11.81,0.93,0.96
2022-10-16,2.31,0.92,0.96
2022-10-17,0.0,0.91,0.95
2022-10-18,0.0,0.9,0.94
2022-10-19,0.0,0.9,0.93
2022-10-20,0.0,0.89,0.93
2022-10-21,0.0,0.89,0.92
2022-10-22,0.0,0.89,0.91
2022-10-23,0.14,0.88,0.9
2022-10-24,0.17,0.88,0.9
2022-10-25,0.16,0.87,0.89
2022-10-26,0.89,0.87,0.88
2022-10-27,0.55,0.87,0.88
2022-10-28,0.14,0.86,0.87
2022-10-29,0.03,0.86,0.86
2022-10-30,0.0,0.85,0.86
2022-10-31,0.0,0.85,0.85
2022-11-01,0.0,0.85,0.85
2022-11-02,0.0,0.84,0.84
2022-11-03,0.0,0.84,0.84
2022-11-04,0.0,0.83,0.83
2022-11-05,0.0,0.83,0.83
2022-11-06,0.0,0.83,0.82
2022-11-07,0.0,0.83,0.82
2022-11-08,0.0,0.82,0.81
2022-11-09,0.0,0.82,0.81
2022-11-10,0.0,0.82,0.8
2022-11-11,0.0,0.82,0.8
2022-11-12,0.0,0.81,0.8
2022-11-13,3.32,0.82,0.8
2022-11-14,20.19,0.88,0.82
2022-11-15,0.84,0.83,0.82
2022-11-16,0.27,0.82,0.81
2022-11-17,0.88,0.82,0.81
2022-11-18,2.91,0.83,0.81
2022-11-19,0.73,0.82,0.81
2022-11-20,0.75,0.82,0.8
2022-11-21,0.16,0.81,0.8
2022-11-22,0.0,0.81,0.8
2022-11-23,9.4,0.83,0.8
2022-11-24,10.06,0.85,0.81
2022-11-25,4.59,0.84,0.82
2022-11-26,4.85,0.83,0.81
2022-11-27,1.83,0.83,0.81
2022-11-28,0.04,0.82,0.81
2022-11-29,0.14,0.82,0.8
2022-11-30,7.01,0.83,0.8
2022-12-01,4.12,0.84,0.81
2022-12-02,0.0,0.82,0.81
2022-12-03,0.0,0.81,0.8
2022-12-04,0.0,0.81,0.8
2022-12-05,0.0,0.81,0.79
2022-12-06,0.0,0.8,0.79
2022-12-07,0.0,0.8,0.78
2022-12-08,0.0,0.79,0.78
2022-12-09,0.0,0.79,0.78
2022-12-10,0.0,0.79,0.77
2022-12-11,0.0,0.78,0.77
2022-12-12,0.0,0.78,0.77
2022-12-13,0.0,0.78,0.76
2022-12-14,0.0,0.78,0.76
2022-12-15,0.0,0.77,0.76
2022-12-16,0.0,0.77,0.76
2022-12-17,0.0,0.77,0.75
2022-12-18,0.0,0.76,0.75
2022-12-19,0.0,0.76,0.75
2022-12-20,0.0,0.76,0.74
2022-12-21,0.0,0.76,0.74
2022-12-22,0.0,0.76,0.74
2022-12-23,0.0,0.75,0.74
2022-12-24,0.0,0.75,0.73
2022-12-25,0.0,0.75,0.73
2022-12-26,0.0,0.75,0.73
2022-12-27,0.0,0.75,0.73
2022-12-28,0.0,0.74,0.73
2022-12-29,0.0,0.74,0.72
2022-12-30,0.0,0.74,0.72
2022-12-31,0.0,0.73,0.72
2023-01-01,0.0,0.73,0.72
2023-01-02,0.0,0.73,0.71
2023-01-03,0.0,0.73,0.71
2023-01-04,0.0,0.73,0.71
2023-01-05,0.0,0.72,0.71
2023-01-06,0.0,0.72,0.71
2023-01-07,0.0,0.72,0.7
2023-01-08,0.0,0.72,0.7
2023-01-09,0.0,0.71,0.7
2023-01-10,0.15,0.71,0.69
2023-01-11,3.61,0.73,0.7
2023-01-12,0.63,0.71,0.7
2023-01-13,0.04,0.71,0.69
2023-01-14,0.0,0.7,0.69
2023-01-15,0.0,0.7,0.68
2023-01-16,0.0,0.69,0.68
2023-01-17,0.0,0.69,0.67
2023-01-18,0.0,0.68,0.67
2023-01-19,0.0,0.68,0.67
2023-01-20,0.0,0.68,0.66
2023-01-21,0.0,0.67,0.66
2023-01-22,0.0,0.67,0.66
2023-01-23,0.0,0.67,0.65
2023-01-24,0.0,0.66,0.65
2023-01-25,0.0,0.66,0.65
2023-01-26,0.0,0.66,0.65
2023-01-27,0.0,0.65,0.64
2023-01-28,0.0,0.65,0.64
2023-01-29,0.0,0.65,0.64
2023-01-30,0.0,0.64,0.64
2023-01-31,0.0,0.64,0.63
2023-02-01,0.0,0.64,0.63
2023-02-02,0.08,0.64,0.63
2023-02-03,1.07,0.64,0.63
2023-02-04,1.14,0.65,0.63
2023-02-05,0.09,0.64,0.63
2023-02-06,0.0,0.63,0.62
2023-02-07,0.04,0.63,0.62
2023-02-08,0.04,0.63,0.62
2023-02-09,0.0,0.62,0.62
2023-02-10,0.0,0.62,0.61
2023-02-11,0.0,0.61,0.61
2023-02-12,0.0,0.61,0.61
2023-02-13,0.0,0.6,0.61
2023-02-14,6.47,0.65,0.61
2023-02-15,0.82,0.63,0.62
2023-02-16,0.49,0.61,0.61
2023-02-17,0.0,0.61,0.61
2023-02-18,0.04,0.6,0.61
2023-02-19,0.0,0.6,0.6
2023-02-20,0.0,0.59,0.6
2023-02-21,0.0,0.58,0.6
2023-02-22,0.0,0.58,0.59
2023-02-23,0.0,0.58,0.59
2023-02-24,0.0,0.57,0.59
2023-02-25,0.0,0.57,0.58
2023-02-26,0.0,0.57,0.58
2023-02-27,0.0,0.57,0.58
2023-02-28,0.0,0.56,0.58
2023-03-01,0.0,0.56,0.57
2023-03-02,0.0,0.56,0.57
2023-03-03,0.0,0.55,0.57
2023-03-04,0.0,0.55,0.57
2023-03-05,0.0,0.55,0.57
2023-03-06,0.0,0.55,0.56
2023-03-07,0.0,0.54,0.56
2023-03-08,0.0,0.54,0.56
2023-03-09,0.0,0.53,0.56
2023-03-10,0.0,0.53,0.56
2023-03-11,0.0,0.52,0.55
2023-03-12,0.01,0.52,0.55
2023-03-13,0.0,0.52,0.55
2023-03-14,0.0,0.52,0.55
2023-03-15,0.0,0.52,0.55
2023-03-16,0.0,0.51,0.55
2023-03-17,0.0,0.51,0.55
2023-03-18,0.0,0.5,0.55
2023-03-19,0.0,0.5,0.55
2023-03-20,0.0,0.49,0.54
2023-03-21,0.0,0.48,0.54
2023-03-22,0.0,0.47,0.54
2023-03-23,0.21,0.47,0.54
2023-03-24,0.18,0.46,0.54
2023-03-25,0.02,0.45,0.54
2023-03-26,0.0,0.45,0.53
2023-03-27,0.0,0.44,0.53
2023-03-28,0.87,0.43,0.53
2023-03-29,0.76,0.45,0.53
2023-03-30,0.79,0.45,0.53
2023-03-31,0.0,0.44,0.53
2023-04-01,0.1,0.43,0.53
2023-04-02,0.01,0.43,0.53
2023-04-03,0.03,0.42,0.53
2023-04-04,0.0,0.42,0.52
2023-04-05,0.0,0.41,0.52
2023-04-06,0.01,0.39,0.52
2023-04-07,0.6,0.39,0.52
2023-04-08,2.86,0.45,0.52
2023-04-09,2.95,0.54,0.53
2023-04-10,0.0,0.49,0.53
2023-04-11,0.0,0.46,0.53
2023-04-12,0.0,0.44,0.53
2023-04-13,0.0,0.42,0.52
2023-04-14,0.0,0.41,0.52
2023-04-15,0.08,0.41,0.52
2023-04-16,0.09,0.4,0.52
2023-04-17,0.0,0.4,0.52
2023-04-18,0.0,0.39,0.52
2023-04-19,0.0,0.39,0.52
2023-04-20,0.04,0.39,0.52
2023-04-21,0.02,0.38,0.52
2023-04-22,0.02,0.37,0.51
2023-04-23,1.23,0.38,0.51
2023-04-24,3.99,0.47,0.52
2023-04-25,0.24,0.45,0.52
2023-04-26,1.71,0.44,0.52
2023-04-27,15.19,0.59,0.53
2023-04-28,10.77,0.64,0.56
2023-04-29,5.66,0.58,0.56
2023-04-30,5.05,0.63,0.57
2023-05-01,1.05,0.57,0.56
2023-05-02,0.54,0.55,0.56
2023-05-03,0.01,0.53,0.55
2023-05-04,0.0,0.51,0.54
2023-05-05,0.01,0.49,0.53
2023-05-06,0.08,0.49,0.53
2023-05-07,0.0,0.46,0.52
2023-05-08,0.3,0.44,0.52
2023-05-09,3.99,0.49,0.52
2023-05-10,5.15,0.56,0.53
2023-05-11,6.33,0.59,0.54
2023-05-12,6.13,0.6,0.55
2023-05-13,6.34,0.62,0.56
2023-05-14,3.34,0.59,0.56
2023-05-15,0.22,0.54,0.55
2023-05-16,0.07,0.52,0.54
2023-05-17,0.0,0.51,0.54
2023-05-18,0.0,0.5,0.53
2023-05-19,0.0,0.48,0.53
2023-05-20,0.0,0.46,0.52
2023-05-21,0.0,0.44,0.52
2023-05-22,1.57,0.43,0.52
2023-05-23,3.57,0.48,0.52
2023-05-24,7.67,0.59,0.53
2023-05-25,1.5,0.55,0.54
2023-05-26,0.56,0.52,0.53
2023-05-27,7.73,0.54,0.53
2023-05-28,15.62,0.69,0.56
2023-05-29,3.26,0.61,0.57
2023-05-30,3.4,0.59,0.56
2023-05-31,8.89,0.63,0.57
2023-06-01,2.05,0.6,0.57
2023-06-02,0.59,0.55,0.56
2023-06-03,0.89,0.54,0.55
2023-06-04,1.19,0.53,0.54
2023-06-05,2.13,0.55,0.54
2023-06-06,10.34,0.62,0.55
2023-06-07,26.2,0.75,0.58
2023-06-08,7.33,0.68,0.6
2023-06-09,6.67,0.66,0.6
2023-06-10,1.48,0.63,0.6
2023-06-11,2.42,0.61,0.59
2023-06-12,0.19,0.59,0.58
2023-06-13,2.04,0.57,0.57
2023-06-14,1.27,0.58,0.56
2023-06-15,0.27,0.56,0.56
2023-06-16,8.83,0.62,0.56
2023-06-17,10.08,0.66,0.58
2023-06-18,12.57,0.68,0.58
2023-06-19,6.12,0.68,0.6
2023-06-20,1.53,0.61,0.59
2023-06-21,1.68,0.61,0.58
2023-06-22,0.03,0.57,0.57
2023-06-23,1.52,0.57,0.56
2023-06-24,12.59,0.63,0.56
2023-06-25,1.04,0.61,0.58
2023-06-26,12.85,0.66,0.58
2023-06-27,0.29,0.61,0.59
2023-06-28,0.63,0.59,0.58
2023-06-29,0.37,0.57,0.57
2023-06-30,10.4,0.63,0.57
2023-07-01,5.91,0.66,0.58
2023-07-02,10.9,0.68,0.59
2023-07-03,0.67,0.63,0.6
2023-07-04,8.24,0.64,0.59
2023-07-05,20.23,0.74,0.63
2023-07-06,0.04,0.62,0.61
2023-07-07,1.07,0.61,0.6
2023-07-08,1.67,0.61,0.59
2023-07-09,8.5,0.66,0.59
2023-07-10,5.04,0.64,0.59
2023-07-11,4.17,0.65,0.59
2023-07-12,3.9,0.65,0.6
2023-07-13,1.59,0.61,0.59
2023-07-14,0.65,0.6,0.58
2023-07-15,1.73,0.59,0.57
2023-07-16,0.67,0.58,0.57
2023-07-17,2.77,0.59,0.57
2023-07-18,0.73,0.59,0.57
2023-07-19,2.3,0.58,0.57
2023-07-20,3.24,0.6,0.57
2023-07-21,5.98,0.62,0.57
2023-07-22,10.87,0.69,0.59
2023-07-23,5.15,0.65,0.6
2023-07-24,4.45,0.65,0.6
2023-07-25,5.84,0.66,0.6
2023-07-26,1.81,0.63,0.6
2023-07-27,0.22,0.6,0.59
2023-07-28,0.0,0.59,0.58
2023-07-29,1.28,0.58,0.57
2023-07-30,6.71,0.63,0.57
2023-07-31,2.3,0.62,0.58
2023-08-01,8.78,0.63,0.58
2023-08-02,5.02,0.66,0.6
2023-08-03,16.74,0.72,0.61
2023-08-04,7.68,0.69,0.62
2023-08-05,2.44,0.66,0.62
2023-08-06,4.89,0.66,0.61
2023-08-07,1.06,0.65,0.61
2023-08-08,2.37,0.63,0.6
2023-08-09,2.47,0.63,0.6
2023-08-10,1.64,0.61,0.59
2023-08-11,0.96,0.6,0.58
2023-08-12,4.35,0.61,0.58
2023-08-13,2.07,0.62,0.58
2023-08-14,0.35,0.59,0.58
2023-08-15,1.92,0.59,0.57
2023-08-16,0.37,0.58,0.57
2023-08-17,0.55,0.57,0.57
2023-08-18,0.02,0.57,0.56
2023-08-19,2.36,0.58,0.56
2023-08-20,20.51,0.69,0.57
2023-08-21,24.52,0.76,0.61
2023-08-22,8.25,0.73,0.64
2023-08-23,2.9,0.66,0.63
2023-08-24,4.91,0.67,0.62
2023-08-25,1.47,0.66,0.62
2023-08-26,0.81,0.63,0.61
2023-08-27,0.02,0.61,0.6
2023-08-28,0.0,0.6,0.59
2023-08-29,6.25,0.62,0.59
2023-08-30,13.25,0.72,0.61
2023-08-31,51.29,0.82,0.64
2023-09-01,9.88,0.77,0.7
2023-09-02,31.99,0.83,0.7
2023-09-03,26.28,0.82,0.72
2023-09-04,26.05,0.85,0.75
2023-09-05,41.13,0.88,0.78
2023-09-06,7.63,0.81,0.78
2023-09-07,3.79,0.77,0.75
2023-09-08,2.81,0.76,0.73
2023-09-09,9.14,0.77,0.72
2023-09-10,9.01,0.78,0.72
2023-09-11,3.85,0.74,0.71
2023-09-12,3.42,0.74,0.7
2023-09-13,4.32,0.74,0.7
2023-09-14,6.74,0.75,0.7
2023-09-15,18.63,0.8,0.71
2023-09-16,20.23,0.83,0.74
2023-09-17,6.8,0.78,0.74
2023-09-18,10.73,0.8,0.74
2023-09-19,0.62,0.76,0.73
2023-09-20,0.47,0.74,0.72
2023-09-21,5.28,0.75,0.72
2023-09-22,2.6,0.75,0.72
2023-09-23,0.29,0.73,0.71
2023-09-24,0.09,0.72,0.7
2023-09-25,5.69,0.74,0.7
2023-09-26,15.68,0.78,0.7
2023-09-27,20.59,0.83,0.73
2023-09-28,18.89,0.83,0.75
2023-09-29,9.56,0.81,0.77
2023-09-30,2.67,0.77,0.75
2023-10-01,1.52,0.76,0.74
2023-10-02,2.31,0.76,0.73
2023-10-03,10.58,0.8,0.74
2023-10-04,6.47,0.78,0.74
2023-10-05,5.31,0.78,0.74
2023-10-06,16.94,0.82,0.75
2023-10-07,7.02,0.81,0.77
2023-10-08,7.42,0.8,0.76
2023-10-09,7.11,0.8,0.76
2023-10-10,35.21,0.88,0.78
2023-10-11,16.8,0.84,0.81
2023-10-12,0.14,0.79,0.79
2023-10-13,0.05,0.78,0.77
2023-10-14,0.04,0.77,0.76
2023-10-15,0.34,0.76,0.75
2023-10-16,0.18,0.76,0.74
2023-10-17,0.02,0.75,0.74
2023-10-18,1.09,0.75,0.73
2023-10-19,0.08,0.74,0.72
2023-10-20,0.6,0.74,0.72
2023-10-21,9.66,0.77,0.72
2023-10-22,0.27,0.75,0.73
2023-10-23,0.4,0.74,0.72
2023-10-24,0.74,0.74,0.72
2023-10-25,1.2,0.73,0.71
2023-10-26,10.87,0.78,0.72
2023-10-27,7.48,0.78,0.73
2023-10-28,33.86,0.86,0.76
2023-10-29,15.45,0.85,0.8
2023-10-30,44.0,0.9,0.81
2023-10-31,13.05,0.86,0.84
2023-11-01,0.0,0.81,0.81
2023-11-02,0.0,0.79,0.79
2023-11-03,0.0,0.78,0.78
2023-11-04,0.12,0.78,0.77
2023-11-05,0.78,0.78,0.76
2023-11-06,1.53,0.78,0.76
2023-11-07,2.84,0.79,0.76
2023-11-08,0.42,0.77,0.76
2023-11-09,14.95,0.82,0.77
2023-11-10,3.12,0.8,0.77
2023-11-11,4.26,0.8,0.77
2023-11-12,2.17,0.79,0.77
2023-11-13,0.07,0.78,0.77
2023-11-14,0.08,0.77,0.76
2023-11-15,0.0,0.77,0.75
2023-11-16,0.18,0.76,0.75
2023-11-17,0.03,0.76,0.74
2023-11-18,0.0,0.75,0.74
2023-11-19,0.0,0.75,0.74
2023-11-20,0.0,0.75,0.73
2023-11-21,0.0,0.74,0.73
2023-11-22,0.0,0.74,0.72
2023-11-23,0.0,0.73,0.72
2023-11-24,0.0,0.73,0.72
2023-11-25,0.0,0.73,0.71
2023-11-26,0.6,0.73,0.71
2023-11-27,0.04,0.72,0.71
2023-11-28,0.0,0.72,0.7
2023-11-29,0.0,0.72,0.7
2023-11-30,0.0,0.71,0.7
2023-12-01,0.78,0.71,0.69
2023-12-02,0.3,0.71,0.69
2023-12-03,1.46,0.72,0.69
2023-12-04,0.25,0.71,0.69
2023-12-05,0.1,0.71,0.69
2023-12-06,0.26,0.7,0.68
2023-12-07,0.1,0.7,0.68
2023-12-08,0.0,0.7,0.68
2023-12-09,0.0,0.69,0.67
2023-12-10,0.0,0.69,0.67
2023-12-11,0.01,0.69,0.67
2023-12-12,0.0,0.68,0.66
2023-12-13,0.0,0.68,0.66
2023-12-14,0.0,0.68,0.66
2023-12-15,0.0,0.67,0.65
2023-12-16,0.0,0.67,0.65
2023-12-17,0.04,0.66,0.65
2023-12-18,0.01,0.66,0.64
2023-12-19,0.0,0.66,0.64
2023-12-20,0.0,0.65,0.64
2023-12-21,0.0,0.64,0.63
2023-12-22,0.0,0.64,0.63
2023-12-23,0.0,0.64,0.63
2023-12-24,0.0,0.64,0.63
2023-12-25,0.0,0.63,0.62
2023-12-26,0.0,0.64,0.62
2023-12-27,0.0,0.63,0.62
2023-12-28,0.0,0.63,0.62
2023-12-29,0.0,0.63,0.62
2023-12-30,0.0,0.63,0.61
2023-12-31,0.0,0.62,0.61
2024-01-01,0.0,0.62,0.61
2024-01-02,0.0,0.61,0.6
2024-01-03,0.0,0.61,0.6
2024-01-04,0.0,0.6,0.6
2024-01-05,0.0,0.6,0.6
2024-01-06,0.0,0.6,0.59
2024-01-07,0.0,0.6,0.59
2024-01-08,0.0,0.59,0.59
2024-01-09,0.0,0.59,0.59
2024-01-10,0.0,0.59,0.59
2024-01-11,0.0,0.58,0.58
2024-01-12,0.0,0.58,0.58
2024-01-13,0.0,0.58,0.58
2024-01-14,0.0,0.58,0.58
2024-01-15,0.0,0.57,0.58
2024-01-16,0.0,0.57,0.57
2024-01-17,0.0,0.57,0.57
2024-01-18,0.0,0.57,0.57
2024-01-19,0.0,0.56,0.57
2024-01-20,0.0,0.56,0.57
2024-01-21,0.0,0.56,0.57
2024-01-22,0.0,0.56,0.56
2024-01-23,0.0,0.56,0.56
2024-01-24,0.02,0.55,0.56
2024-01-25,0.02,0.56,0.56
2024-01-26,0.0,0.55,0.56
2024-01-27,0.0,0.55,0.56
2024-01-28,0.0,0.55,0.56
2024-01-29,0.0,0.55,0.56
2024-01-30,0.0,0.55,0.55
2024-01-31,0.0,0.55,0.55
2024-02-01,0.0,0.54,0.55
2024-02-02,0.0,0.54,0.55
2024-02-03,0.01,0.54,0.55
2024-02-04,0.01,0.54,0.54
2024-02-05,0.01,0.53,0.54
2024-02-06,0.06,0.52,0.54
2024-02-07,0.0,0.51,0.54
2024-02-08,0.0,0.5,0.54
2024-02-09,0.0,0.49,0.53
2024-02-10,0.0,0.49,0.53
2024-02-11,0.0,0.48,0.53
2024-02-12,0.0,0.48,0.53
2024-02-13,0.0,0.47,0.53
2024-02-14,0.06,0.46,0.53
2024-02-15,0.0,0.46,0.53
2024-02-16,0.0,0.45,0.53
2024-02-17,0.0,0.44,0.53
2024-02-18,0.0,0.45,0.53
2024-02-19,0.0,0.45,0.53
2024-02-20,0.0,0.44,0.52
2024-02-21,0.0,0.43,0.52
2024-02-22,0.0,0.43,0.52
2024-02-23,0.11,0.42,0.52
2024-02-24,0.03,0.42,0.52
2024-02-25,0.02,0.41,0.52
2024-02-26,0.0,0.41,0.52
2024-02-27,0.0,0.4,0.52
2024-02-28,0.0,0.4,0.52
2024-02-29,0.0,0.4,0.52
2024-03-01,0.14,0.4,0.52
2024-03-02,0.01,0.4,0.52
2024-03-03,0.0,0.39,0.51
2024-03-04,0.0,0.39,0.51
2024-03-05,0.0,0.39,0.51
2024-03-06,0.0,0.38,0.51
2024-03-07,0.0,0.37,0.51
2024-03-08,0.03,0.37,0.51
2024-03-09,0.11,0.38,0.51
2024-03-10,0.46,0.38,0.51
2024-03-11,1.22,0.4,0.51
2024-03-12,1.56,0.42,0.51
2024-03-13,0.73,0.44,0.51
2024-03-14,0.01,0.42,0.51
2024-03-15,0.0,0.4,0.51
2024-03-16,0.08,0.4,0.51
2024-03-17,0.01,0.38,0.51
2024-03-18,0.0,0.38,0.51
2024-03-19,10.7,0.42,0.51
2024-03-20,11.41,0.64,0.55
2024-03-21,0.02,0.53,0.55
2024-03-22,0.0,0.52,0.54
2024-03-23,2.88,0.53,0.54
2024-03-24,5.44,0.57,0.54
2024-03-25,0.63,0.53,0.54
2024-03-26,12.89,0.59,0.54
2024-03-27,2.11,0.61,0.56
2024-03-28,14.13,0.65,0.56
2024-03-29,8.14,0.66,0.58
2024-03-30,0.78,0.59,0.58
2024-03-31,0.01,0.55,0.56
2024-04-01,0.0,0.53,0.55
2024-04-02,0.0,0.52,0.54
2024-04-03,0.0,0.51,0.54
2024-04-04,0.0,0.5,0.53
2024-04-05,0.0,0.49,0.53
2024-04-06,0.0,0.46,0.52
2024-04-07,0.0,0.44,0.52
2024-04-08,0.7,0.43,0.52
2024-04-09,0.9,0.42,0.51
2024-04-10,17.64,0.6,0.53
2024-04-11,1.5,0.56,0.55
2024-04-12,0.0,0.52,0.54
2024-04-13,0.02,0.51,0.54
2024-04-14,0.14,0.5,0.53
2024-04-15,0.02,0.49,0.53
2024-04-16,0.0,0.46,0.52
2024-04-17,0.82,0.45,0.52
2024-04-18,1.31,0.44,0.52
2024-04-19,1.19,0.43,0.51
2024-04-20,1.02,0.43,0.51
2024-04-21,0.03,0.4,0.51
2024-04-22,0.0,0.38,0.51
2024-04-23,0.0,0.37,0.51
2024-04-24,0.2,0.36,0.51
2024-04-25,0.03,0.35,0.5
2024-04-26,0.0,0.34,0.5
2024-04-27,0.0,0.33,0.5
2024-04-28,0.0,0.33,0.5
2024-04-29,0.0,0.32,0.5
2024-04-30,0.0,0.31,0.5
2024-05-01,0.0,0.31,0.5
2024-05-02,0.0,0.31,0.5
2024-05-03,0.29,0.31,0.5
2024-05-04,4.69,0.36,0.5
2024-05-05,1.73,0.45,0.51
2024-05-06,2.76,0.44,0.51
2024-05-07,5.54,0.52,0.51
2024-05-08,1.34,0.51,0.52
2024-05-09,2.16,0.48,0.51
2024-05-10,15.8,0.59,0.53
2024-05-11,5.51,0.61,0.55
2024-05-12,0.14,0.53,0.55
2024-05-13,13.76,0.61,0.55
2024-05-14,2.63,0.62,0.56
2024-05-15,2.31,0.57,0.56
2024-05-16,1.0,0.55,0.55
2024-05-17,2.85,0.55,0.55
2024-05-18,0.97,0.53,0.54
2024-05-19,16.89,0.63,0.55
2024-05-20,14.0,0.71,0.58
2024-05-21,32.52,0.77,0.61
2024-05-22,27.77,0.81,0.66
2024-05-23,19.98,0.8,0.69
2024-05-24,1.0,0.71,0.68
2024-05-25,2.46,0.68,0.66
2024-05-26,0.96,0.67,0.64
2024-05-27,0.1,0.63,0.62
2024-05-28,0.14,0.61,0.6
2024-05-29,6.35,0.62,0.59
2024-05-30,11.29,0.71,0.61
2024-05-31,2.21,0.64,0.6
2024-06-01,1.85,0.63,0.6
2024-06-02,0.19,0.6,0.59
2024-06-03,15.47,0.64,0.59
2024-06-04,5.88,0.68,0.61
2024-06-05,0.09,0.61,0.6
2024-06-06,0.22,0.59,0.58
2024-06-07,2.79,0.59,0.57
2024-06-08,0.71,0.59,0.57
2024-06-09,0.61,0.58,0.57
2024-06-10,0.94,0.57,0.57
2024-06-11,0.89,0.56,0.56
2024-06-12,0.02,0.55,0.55
2024-06-13,0.0,0.54,0.55
2024-06-14,3.39,0.55,0.55
2024-06-15,0.37,0.55,0.55
2024-06-16,0.65,0.52,0.54
2024-06-17,0.57,0.52,0.54
2024-06-18,1.2,0.52,0.54
2024-06-19,0.36,0.51,0.54
2024-06-20,0.11,0.5,0.53
2024-06-21,0.78,0.52,0.53
2024-06-22,3.9,0.54,0.53
2024-06-23,31.43,0.74,0.57
2024-06-24,12.45,0.72,0.61
2024-06-25,9.73,0.68,0.61
2024-06-26,5.08,0.69,0.62
2024-06-27,3.78,0.65,0.61
2024-06-28,5.58,0.67,0.61
2024-06-29,18.83,0.73,0.62
2024-06-30,6.43,0.7,0.64
2024-07-01,10.38,0.72,0.64
2024-07-02,2.71,0.66,0.63
2024-07-03,4.99,0.68,0.63
2024-07-04,32.71,0.75,0.63
2024-07-05,16.11,0.79,0.69
2024-07-06,3.02,0.71,0.67
2024-07-07,2.42,0.7,0.66
2024-07-08,28.39,0.78,0.66
2024-07-09,12.58,0.77,0.69
2024-07-10,7.94,0.76,0.69
2024-07-11,8.43,0.74,0.69
2024-07-12,4.87,0.73,0.68
2024-07-13,0.41,0.69,0.67
2024-07-14,2.14,0.68,0.66
2024-07-15,12.11,0.73,0.66
2024-07-16,8.7,0.75,0.68
2024-07-17,7.21,0.73,0.67
2024-07-18,4.74,0.71,0.67
2024-07-19,2.99,0.71,0.67
2024-07-20,4.17,0.7,0.66
2024-07-21,2.73,0.68,0.66
2024-07-22,1.82,0.68,0.65
2024-07-23,12.11,0.73,0.66
2024-07-24,2.27,0.69,0.66
2024-07-25,0.7,0.67,0.65
2024-07-26,0.85,0.66,0.64
2024-07-27,5.29,0.67,0.64
2024-07-28,11.07,0.72,0.65
2024-07-29,9.95,0.73,0.66
2024-07-30,3.02,0.69,0.66
2024-07-31,3.58,0.69,0.65
2024-08-01,8.02,0.72,0.66
2024-08-02,4.97,0.72,0.67
2024-08-03,50.13,0.84,0.7
2024-08-04,6.94,0.76,0.72
2024-08-05,1.15,0.73,0.71
2024-08-06,4.15,0.72,0.69
2024-08-07,0.22,0.71,0.68
2024-08-08,2.99,0.71,0.68
2024-08-09,0.32,0.69,0.67
2024-08-10,0.19,0.68,0.66
2024-08-11,0.8,0.68,0.66
2024-08-12,3.97,0.69,0.65
2024-08-13,0.41,0.67,0.65
2024-08-14,0.77,0.66,0.64
2024-08-15,1.21,0.66,0.64
2024-08-16,9.47,0.7,0.64
2024-08-17,1.41,0.68,0.65
2024-08-18,6.28,0.69,0.65
2024-08-19,3.92,0.7,0.65
2024-08-20,6.26,0.71,0.66
2024-08-21,0.98,0.68,0.65
2024-08-22,0.66,0.67,0.65
2024-08-23,3.12,0.68,0.64
2024-08-24,0.99,0.68,0.64
2024-08-25,1.37,0.67,0.64
2024-08-26,11.25,0.71,0.64
2024-08-27,3.78,0.72,0.66
2024-08-28,3.43,0.7,0.66
2024-08-29,3.37,0.69,0.65
2024-08-30,0.85,0.68,0.65
2024-08-31,2.45,0.67,0.64
2024-09-01,36.65,0.8,0.66
2024-09-02,11.27,0.79,0.71
2024-09-03,26.63,0.81,0.72
2024-09-04,15.34,0.82,0.75
2024-09-05,10.71,0.8,0.74
2024-09-06,0.18,0.74,0.72
2024-09-07,0.06,0.72,0.71
2024-09-08,0.48,0.71,0.69
2024-09-09,0.4,0.7,0.68
2024-09-10,2.62,0.7,0.67
2024-09-11,5.11,0.72,0.67
2024-09-12,2.76,0.72,0.68
2024-09-13,8.38,0.74,0.68
2024-09-14,11.69,0.77,0.7
2024-09-15,10.96,0.76,0.7
2024-09-16,8.64,0.76,0.71
2024-09-17,14.74,0.78,0.71
2024-09-18,11.67,0.8,0.73
2024-09-19,13.21,0.8,0.73
2024-09-20,9.49,0.78,0.73
2024-09-21,12.28,0.8,0.74
2024-09-22,40.06,0.87,0.76
2024-09-23,7.55,0.82,0.79
2024-09-24,42.55,0.88,0.79
2024-09-25,5.68,0.83,0.81
2024-09-26,3.96,0.8,0.79
2024-09-27,2.08,0.79,0.77
2024-09-28,1.13,0.78,0.76
2024-09-29,0.36,0.76,0.75
2024-09-30,8.87,0.8,0.75
2024-10-01,5.43,0.79,0.76
2024-10-02,4.89,0.79,0.76
2024-10-03,30.2,0.86,0.78
2024-10-04,10.04,0.82,0.79
2024-10-05,0.03,0.78,0.78
2024-10-06,0.02,0.77,0.76
2024-10-07,0.03,0.77,0.75
2024-10-08,0.83,0.76,0.74
2024-10-09,1.94,0.76,0.74
2024-10-10,0.87,0.75,0.74
2024-10-11,0.05,0.74,0.73
2024-10-12,0.76,0.74,0.72
2024-10-13,1.08,0.75,0.72
2024-10-14,0.59,0.74,0.72
2024-10-15,0.26,0.73,0.71
2024-10-16,0.63,0.73,0.71
2024-10-17,0.85,0.73,0.71
2024-10-18,9.73,0.77,0.72
2024-10-19,19.83,0.82,0.74
2024-10-20,9.11,0.8,0.76
2024-10-21,4.23,0.79,0.76
2024-10-22,5.02,0.78,0.75
2024-10-23,2.89,0.77,0.75
2024-10-24,0.06,0.75,0.74
2024-10-25,0.0,0.74,0.73
2024-10-26,0.14,0.74,0.72
2024-10-27,22.23,0.82,0.73
2024-10-28,1.47,0.77,0.75
2024-10-29,0.2,0.75,0.74
2024-10-30,0.54,0.74,0.73
2024-10-31,0.29,0.74,0.72
2024-11-01,0.04,0.73,0.71
2024-11-02,0.0,0.72,0.71
2024-11-03,0.0,0.72,0.7
2024-11-04,0.76,0.71,0.7
2024-11-05,0.38,0.71,0.69
2024-11-06,0.2,0.71,0.69
2024-11-07,0.0,0.7,0.69
2024-11-08,0.0,0.7,0.68
2024-11-09,0.0,0.7,0.68
2024-11-10,0.0,0.69,0.67
2024-11-11,0.0,0.69,0.67
2024-11-12,0.0,0.68,0.66
2024-11-13,0.0,0.68,0.66
2024-11-14,0.0,0.68,0.66
2024-11-15,0.47,0.68,0.66
2024-11-16,0.62,0.67,0.65
2024-11-17,12.66,0.75,0.67
2024-11-18,0.06,0.69,0.67
2024-11-19,0.0,0.68,0.67
2024-11-20,0.0,0.67,0.66
2024-11-21,0.0,0.67,0.65
2024-11-22,0.0,0.66,0.65
2024-11-23,0.0,0.66,0.64
2024-11-24,0.0,0.65,0.64
2024-11-25,0.0,0.65,0.63
2024-11-26,0.04,0.65,0.63
2024-11-27,0.01,0.64,0.63
2024-11-28,0.01,0.64,0.62
2024-11-29,0.0,0.63,0.62
2024-11-30,0.0,0.63,0.62
2024-12-01,0.0,0.63,0.61
2024-12-02,0.0,0.63,0.61
2024-12-03,0.0,0.62,0.61
2024-12-04,0.0,0.62,0.6
2024-12-05,0.0,0.61,0.6
2024-12-06,0.0,0.61,0.6
2024-12-07,0.0,0.6,0.6
2024-12-08,0.0,0.6,0.59
2024-12-09,0.0,0.59,0.59
2024-12-10,0.0,0.59,0.59
2024-12-11,0.0,0.59,0.59
2024-12-12,0.09,0.59,0.58
2024-12-13,0.28,0.59,0.58
2024-12-14,0.02,0.58,0.58
2024-12-15,0.0,0.58,0.58
2024-12-16,0.0,0.57,0.58
2024-12-17,0.0,0.58,0.58
2024-12-18,0.0,0.57,0.57
2024-12-19,0.0,0.57,0.57
2024-12-20,0.0,0.57,0.57
2024-12-21,0.0,0.57,0.57
2024-12-22,0.0,0.57,0.57
2024-12-23,0.0,0.57,0.57
2024-12-24,0.0,0.56,0.57
2024-12-25,0.0,0.56,0.56
2024-12-26,0.0,0.56,0.56
2024-12-27,0.0,0.55,0.56
2024-12-28,0.0,0.55,0.56
2024-12-29,0.0,0.55,0.56
2024-12-30,0.0,0.55,0.55
2024-12-31,0.0,0.55,0.55
2025-01-01,0.0,0.55,0.55
2025-01-02,0.0,0.55,0.55
2025-01-03,0.0,0.54,0.55
2025-01-04,0.0,0.54,0.55
2025-01-05,0.0,0.54,0.55
2025-01-06,0.0,0.54,0.55
2025-01-07,0.35,0.54,0.55
2025-01-08,0.5,0.54,0.54
2025-01-09,0.0,0.54,0.54
2025-01-10,0.0,0.53,0.54
2025-01-11,0.0,0.53,0.54
2025-01-12,0.0,0.53,0.54
2025-01-13,0.0,0.53,0.54
2025-01-14,0.0,0.53,0.54
2025-01-15,0.0,0.52,0.54
2025-01-16,0.0,0.51,0.54
2025-01-17,0.01,0.51,0.54
2025-01-18,0.0,0.51,0.53
2025-01-19,0.0,0.51,0.53
2025-01-20,0.0,0.5,0.53
2025-01-21,0.0,0.5,0.53
2025-01-22,0.0,0.49,0.53
2025-01-23,0.0,0.48,0.53
2025-01-24,0.0,0.47,0.53
2025-01-25,0.0,0.46,0.53
2025-01-26,0.0,0.45,0.52
2025-01-27,0.0,0.45,0.52
2025-01-28,0.0,0.45,0.52
2025-01-29,0.0,0.45,0.52
2025-01-30,0.0,0.45,0.52
2025-01-31,0.0,0.45,0.52
2025-02-01,0.0,0.44,0.52
2025-02-02,0.0,0.43,0.52
2025-02-03,0.0,0.42,0.52
2025-02-04,0.0,0.42,0.52
2025-02-05,0.0,0.42,0.52
2025-02-06,0.0,0.42,0.52
2025-02-07,0.0,0.42,0.52
2025-02-08,0.0,0.41,0.52
2025-02-09,0.0,0.41,0.52
2025-02-10,0.0,0.41,0.52
2025-02-11,0.0,0.41,0.51
2025-02-12,0.0,0.4,0.51
2025-02-13,0.0,0.4,0.51
2025-02-14,0.0,0.39,0.51
2025-02-15,0.0,0.39,0.51
2025-02-16,0.0,0.38,0.51
2025-02-17,0.05,0.38,0.51
2025-02-18,0.97,0.39,0.51
2025-02-19,0.79,0.4,0.51
2025-02-20,0.18,0.4,0.51
2025-02-21,0.0,0.39,0.51
2025-02-22,0.03,0.39,0.51
2025-02-23,0.06,0.38,0.51
2025-02-24,0.7,0.39,0.51
2025-02-25,0.1,0.4,0.51
2025-02-26,0.0,0.39,0.51
2025-02-27,0.0,0.38,0.51
2025-02-28,0.0,0.37,0.51
2025-03-01,0.0,0.36,0.51
2025-03-02,0.0,0.36,0.5
2025-03-03,0.33,0.36,0.5
2025-03-04,0.12,0.36,0.5
2025-03-05,0.0,0.35,0.5
2025-03-06,0.22,0.35,0.5
2025-03-07,14.48,0.52,0.52
2025-03-08,1.1,0.54,0.53
2025-03-09,0.0,0.5,0.53
2025-03-10,0.0,0.49,0.52
2025-03-11,0.12,0.47,0.52
2025-03-12,13.49,0.58,0.53
2025-03-13,6.29,0.61,0.55
2025-03-14,1.41,0.55,0.55
2025-03-15,0.0,0.51,0.54
2025-03-16,21.11,0.66,0.55
2025-03-17,0.67,0.59,0.57
2025-03-18,0.0,0.55,0.56
2025-03-19,0.0,0.53,0.55
2025-03-20,0.0,0.52,0.54
2025-03-21,0.0,0.52,0.54
2025-03-22,0.0,0.51,0.53
2025-03-23,0.0,0.5,0.53
2025-03-24,0.0,0.49,0.53
2025-03-25,0.06,0.48,0.52
2025-03-26,0.52,0.46,0.52
2025-03-27,0.21,0.44,0.51
2025-03-28,0.0,0.42,0.51
2025-03-29,0.41,0.4,0.51
2025-03-30,28.03,0.69,0.55
2025-03-31,3.14,0.61,0.57
2025-04-01,0.0,0.55,0.56
2025-04-02,0.0,0.53,0.55
2025-04-03,0.0,0.52,0.54
2025-04-04,0.0,0.51,0.54
2025-04-05,0.01,0.5,0.53
2025-04-06,6.43,0.55,0.53
2025-04-07,13.29,0.64,0.55
2025-04-08,0.67,0.56,0.55
2025-04-09,6.13,0.58,0.55
2025-04-10,5.72,0.62,0.56
2025-04-11,0.87,0.57,0.56
2025-04-12,0.91,0.56,0.55
2025-04-13,1.52,0.55,0.55
2025-04-14,0.14,0.53,0.54
2025-04-15,0.5,0.52,0.54
2025-04-16,6.8,0.56,0.54
2025-04-17,10.15,0.65,0.56
2025-04-18,1.4,0.58,0.56
2025-04-19,0.09,0.54,0.55
2025-04-20,1.27,0.53,0.54
2025-04-21,0.41,0.52,0.54
2025-04-22,2.49,0.52,0.53
2025-04-23,2.66,0.53,0.53
2025-04-24,5.32,0.56,0.54
2025-04-25,0.5,0.51,0.54
2025-04-26,1.15,0.51,0.53
2025-04-27,2.61,0.54,0.53
2025-04-28,3.78,0.54,0.53
2025-04-29,12.52,0.65,0.56
2025-04-30,3.07,0.55,0.55
2025-05-01,10.81,0.64,0.56
2025-05-02,3.29,0.58,0.56
2025-05-03,4.49,0.6,0.56
2025-05-04,8.12,0.62,0.56
2025-05-05,4.7,0.61,0.57
2025-05-06,0.33,0.56,0.56
2025-05-07,1.51,0.55,0.55
2025-05-08,0.47,0.53,0.55
2025-05-09,7.19,0.58,0.55
2025-05-10,21.75,0.64,0.56
2025-05-11,5.42,0.67,0.59
2025-05-12,23.85,0.7,0.59
2025-05-13,3.59,0.67,0.61
2025-05-14,8.18,0.66,0.6
2025-05-15,1.87,0.64,0.6
2025-05-16,16.95,0.7,0.6
2025-05-17,3.62,0.65,0.6
2025-05-18,4.13,0.63,0.59
2025-05-19,31.42,0.79,0.63
2025-05-20,5.57,0.69,0.63
2025-05-21,51.36,0.86,0.67
2025-05-22,3.18,0.74,0.7
2025-05-23,1.09,0.69,0.67
2025-05-24,3.88,0.69,0.66
2025-05-25,21.91,0.77,0.66
2025-05-26,8.6,0.73,0.67
2025-05-27,7.57,0.72,0.66
2025-05-28,17.91,0.77,0.68
2025-05-29,11.0,0.73,0.67
2025-05-30,9.49,0.75,0.68
2025-05-31,19.01,0.76,0.67
2025-06-01,2.04,0.72,0.68
2025-06-02,2.72,0.69,0.66
2025-06-03,1.35,0.68,0.65
2025-06-04,1.82,0.66,0.64
2025-06-05,2.6,0.67,0.64
2025-06-06,2.11,0.66,0.63
2025-06-07,1.57,0.65,0.63
2025-06-08,1.34,0.65,0.62
2025-06-09,8.12,0.68,0.62
2025-06-10,4.54,0.68,0.63
2025-06-11,3.5,0.68,0.63
2025-06-12,1.0,0.65,0.63
2025-06-13,1.2,0.65,0.62
2025-06-14,0.16,0.64,0.62
2025-06-15,0.26,0.63,0.62
2025-06-16,0.0,0.62,0.61
2025-06-17,0.3,0.61,0.6
2025-06-18,3.21,0.63,0.6
2025-06-19,5.67,0.66,0.6
2025-06-20,3.95,0.65,0.61
2025-06-21,1.4,0.64,0.61
2025-06-22,29.71,0.72,0.62
2025-06-23,3.15,0.71,0.66
2025-06-24,0.45,0.65,0.64
2025-06-25,1.12,0.65,0.63
2025-06-26,26.07,0.76,0.64
2025-06-27,11.91,0.77,0.68
2025-06-28,0.67,0.7,0.67
2025-06-29,1.98,0.68,0.65
2025-06-30,1.44,0.68,0.65
2025-07-01,4.02,0.67,0.64
2025-07-02,7.47,0.71,0.64
2025-07-03,3.45,0.69,0.65
2025-07-04,1.16,0.66,0.64
2025-07-05,1.27,0.65,0.63
2025-07-06,1.64,0.65,0.62
2025-07-07,0.82,0.63,0.61
2025-07-08,5.95,0.65,0.61
2025-07-09,2.21,0.65,0.62
2025-07-10,1.53,0.62,0.61
2025-07-11,1.92,0.63,0.6
2025-07-12,0.28,0.61,0.6
2025-07-13,0.19,0.6,0.59
2025-07-14,0.4,0.61,0.59
2025-07-15,2.42,0.61,0.59
2025-07-16,3.32,0.64,0.59
2025-07-17,1.46,0.62,0.59
2025-07-18,2.19,0.62,0.59
2025-07-19,3.36,0.62,0.59
2025-07-20,5.17,0.63,0.59
2025-07-21,1.17,0.63,0.6
2025-07-22,0.42,0.61,0.59
2025-07-23,2.96,0.61,0.59
2025-07-24,2.68,0.62,0.59
2025-07-25,10.26,0.65,0.59
2025-07-26,20.93,0.74,0.61
2025-07-27,6.43,0.72,0.64
2025-07-28,4.12,0.68,0.64
2025-07-29,5.84,0.69,0.64
2025-07-30,1.12,0.65,0.63
2025-07-31,0.88,0.64,0.62
2025-08-01,0.05,0.62,0.61
2025-08-02,0.02,0.61,0.6
2025-08-03,0.07,0.6,0.59
2025-08-04,0.01,0.58,0.58
2025-08-05,0.43,0.58,0.58
2025-08-06,0.13,0.57,0.57
2025-08-07,13.47,0.66,0.58
2025-08-08,5.25,0.66,0.6
2025-08-09,1.63,0.63,0.6
2025-08-10,4.54,0.63,0.59
2025-08-11,2.28,0.64,0.59
2025-08-12,2.41,0.62,0.59
2025-08-13,1.34,0.62,0.59
2025-08-14,20.6,0.69,0.6
2025-08-15,14.35,0.75,0.64
2025-08-16,63.24,0.89,0.7
2025-08-17,9.88,0.78,0.73
2025-08-18,3.47,0.74,0.71
2025-08-19,0.98,0.71,0.69
2025-08-20,1.04,0.69,0.67
2025-08-21,24.17,0.79,0.68
2025-08-22,16.28,0.77,0.69
2025-08-23,9.11,0.78,0.71
2025-08-24,2.32,0.72,0.69
2025-08-25,0.35,0.7,0.68
2025-08-26,4.13,0.7,0.67
2025-08-27,3.21,0.7,0.67
2025-08-28,5.04,0.69,0.66
2025-08-29,7.52,0.72,0.66
2025-08-30,1.84,0.69,0.66
2025-08-31,9.91,0.74,0.67
2025-09-01,5.68,0.71,0.67
2025-09-02,23.39,0.79,0.68
2025-09-03,11.84,0.79,0.71
2025-09-04,15.34,0.79,0.71
2025-09-05,5.2,0.76,0.72
2025-09-06,27.02,0.84,0.74
2025-09-07,48.43,0.9,0.77
2025-09-08,33.59,0.9,0.82
2025-09-09,23.92,0.87,0.82
2025-09-10,9.25,0.84,0.82
2025-09-11,2.22,0.8,0.79
2025-09-12,12.47,0.82,0.78
2025-09-13,9.63,0.83,0.79
2025-09-14,5.36,0.8,0.78
2025-09-15,14.89,0.84,0.78
2025-09-16,0.19,0.78,0.78
2025-09-17,6.87,0.8,0.77
2025-09-18,19.43,0.84,0.78
2025-09-19,11.15,0.83,0.8
2025-09-20,2.13,0.8,0.79
2025-09-21,1.79,0.79,0.78
2025-09-22,3.65,0.8,0.77
2025-09-23,10.32,0.82,0.78
2025-09-24,1.38,0.79,0.78
2025-09-25,2.74,0.79,0.77
2025-09-26,20.67,0.83,0.78
2025-09-27,26.39,0.88,0.82
2025-09-28,6.59,0.83,0.81
2025-09-29,3.03,0.82,0.8
2025-09-30,5.96,0.82,0.8
2025-10-01,2.14,0.81,0.79
2025-10-02,0.6,0.8,0.79
2025-10-03,3.26,0.81,0.78
2025-10-04,2.41,0.8,0.78
2025-10-05,2.13,0.8,0.78
2025-10-06,0.05,0.79,0.77
2025-10-07,0.41,0.78,0.77
2025-10-08,17.28,0.84,0.78
2025-10-09,33.48,0.88,0.81
2025-10-10,7.89,0.85,0.83
2025-10-11,1.4,0.81,0.81
2025-10-12,1.51,0.81,0.8
2025-10-13,5.81,0.82,0.79
2025-10-14,14.74,0.85,0.8
2025-10-15,4.5,0.83,0.81
2025-10-16,1.19,0.81,0.8
2025-10-17,0.53,0.81,0.79
2025-10-18,0.42,0.8,0.79
2025-10-19,0.45,0.8,0.79
2025-10-20,0.4,0.79,0.78
2025-10-21,0.06,0.79,0.78
2025-10-22,0.0,0.79,0.77
2025-10-23,0.0,0.78,0.77
2025-10-24,0.0,0.77,0.76
2025-10-25,0.0,0.78,0.76
2025-10-26,0.16,0.77,0.76
2025-10-27,0.05,0.77,0.75
2025-10-28,0.14,0.76,0.75
2025-10-29,1.82,0.77,0.75
2025-10-30,9.48,0.81,0.76
2025-10-31,10.68,0.82,0.77
2025-11-01,9.21,0.81,0.78
2025-11-02,13.63,0.84,0.79
2025-11-03,6.16,0.82,0.79
2025-11-04,0.76,0.79,0.78
2025-11-05,0.49,0.79,0.78
2025-11-06,0.94,0.78,0.77
2025-11-07,24.28,0.85,0.78
2025-11-08,4.02,0.81,0.79
2025-11-09,5.96,0.82,0.79
2025-11-10,2.56,0.8,0.78
2025-11-11,3.13,0.81,0.78
2025-11-12,0.76,0.79,0.78
2025-11-13,1.97,0.79,0.77
2025-11-14,0.02,0.78,0.77
2025-11-15,0.0,0.77,0.76
2025-11-16,0.4,0.77,0.76
2025-11-17,2.46,0.78,0.76
2025-11-18,0.55,0.77,0.76
2025-11-19,0.28,0.77,0.75
2025-11-20,0.0,0.76,0.75
2025-11-21,0.0,0.76,0.75
2025-11-22,0.0,0.76,0.74
2025-11-23,0.01,0.76,0.74
2025-11-24,0.0,0.75,0.74
2025-11-25,0.0,0.75,0.73
2025-11-26,0.0,0.74,0.73
2025-11-27,0.0,0.74,0.72
2025-11-28,0.0,0.73,0.72
2025-11-29,0.0,0.73,0.72
2025-11-30,0.0,0.73,0.71
2025-12-01,0.0,0.73,0.71
2025-12-02,0.0,0.72,0.71
2025-12-03,0.0,0.72,0.7
2025-12-04,0.22,0.72,0.7
2025-12-05,0.3,0.72,0.7
2025-12-06,0.01,0.71,0.7
2025-12-07,0.0,0.71,0.69
2025-12-08,0.0,0.7,0.69
2025-12-09,0.0,0.7,0.68
2025-12-10,1.13,0.71,0.68
2025-12-11,2.33,0.72,0.69
2025-12-12,0.79,0.71,0.69
2025-12-13,0.69,0.7,0.68
2025-12-14,0.06,0.7,0.68
2025-12-15,0.0,0.69,0.68
2025-12-16,0.0,0.69,0.67
2025-12-17,0.0,0.68,0.67
2025-12-18,0.0,0.68,0.66
2025-12-19,0.0,0.68,0.66
2025-12-20,0.0,0.67,0.66
2025-12-21,0.0,0.67,0.65
2025-12-22,0.0,0.67,0.65
2025-12-23,0.0,0.67,0.65
2025-12-24,0.0,0.66,0.65
2025-12-25,0.0,0.66,0.64
2025-12-26,0.0,0.65,0.64
2025-12-27,0.0,0.65,0.64
2025-12-28,0.0,0.65,0.63
2025-12-29,0.0,0.65,0.63
2025-12-30,0.0,0.64,0.63
2025-12-31,0.0,0.64,0.63
2026-01-01,0.0,0.64,0.62
2026-01-02,0.0,0.63,0.62
2026-01-03,0.0,0.63,0.62
2026-01-04,0.0,0.63,0.61
2026-01-05,0.0,0.63,0.61
2026-01-06,0.0,0.62,0.61
2026-01-07,0.0,0.61,0.61
2026-01-08,0.0,0.61,0.61
2026-01-09,0.0,0.61,0.6
2026-01-10,0.0,0.61,0.6
2026-01-11,0.0,0.61,0.6
2026-01-12,0.0,0.61,0.6
2026-01-13,0.0,0.6,0.6
2026-01-14,0.02,0.6,0.6
2026-01-15,0.0,0.6,0.59
2026-01-16,0.0,0.59,0.59
2026-01-17,0.0,0.59,0.59
2026-01-18,0.0,0.59,0.59
2026-01-19,0.0,0.59,0.59
2026-01-20,0.0,0.58,0.58
2026-01-21,0.0,0.58,0.58
2026-01-22,0.0,0.57,0.58
2026-01-23,0.0,0.57,0.58
2026-01-24,0.0,0.57,0.58
2026-01-25,0.0,0.57,0.57
2026-01-26,0.0,0.57,0.57
2026-01-27,0.0,0.56,0.57
2026-01-28,0.0,0.56,0.57
2026-01-29,0.0,0.56,0.57
2026-01-30,0.0,0.56,0.56
2026-01-31,0.0,0.55,0.56
2026-02-01,0.0,0.55,0.56
2026-02-02,0.0,0.55,0.56
2026-02-03,0.0,0.55,0.56
2026-02-04,0.0,0.55,0.56
2026-02-05,0.0,0.54,0.55
2026-02-06,0.0,0.54,0.55
2026-02-07,0.0,0.54,0.55
2026-02-08,0.0,0.54,0.55
2026-02-09,0.0,0.53,0.55
2026-02-10,0.0,0.53,0.54
2026-02-11,0.0,0.52,0.54
2026-02-12,0.0,0.51,0.54
2026-02-13,0.0,0.51,0.54
2026-02-14,0.0,0.5,0.54
2026-02-15,0.0,0.49,0.54
2026-02-16,0.0,0.48,0.53
2026-02-17,0.01,0.47,0.53
2026-02-18,0.0,0.46,0.53
2026-02-19,0.0,0.46,0.53
2026-02-20,0.0,0.45,0.53
2026-02-21,0.0,0.45,0.53
2026-02-22,0.0,0.44,0.53
2026-02-23,1.54,0.46,0.53
2026-02-24,4.14,0.53,0.53
2026-02-25,0.8,0.53,0.53
2026-02-26,2.49,0.54,0.54
2026-02-27,0.37,0.52,0.54
2026-02-28,0.56,0.5,0.53
2026-03-01,0.0,0.48,0.53
2026-03-02,0.0,0.46,0.53
2026-03-03,0.0,0.44,0.53
2026-03-04,0.14,0.43,0.52
2026-03-05,6.22,0.46,0.52
2026-03-06,5.69,0.59,0.54
2026-03-07,0.0,0.52,0.54
2026-03-08,0.0,0.51,0.53
2026-03-09,0.0,0.5,0.53
2026-03-10,0.14,0.48,0.53
2026-03-11,0.01,0.47,0.53
2026-03-12,0.09,0.45,0.52
2026-03-13,0.24,0.44,0.52
2026-03-14,0.0,0.43,0.52
2026-03-15,0.0,0.42,0.52
2026-03-16,0.0,0.41,0.52
2026-03-17,0.45,0.4,0.52
2026-03-18,7.81,0.49,0.52
2026-03-19,7.69,0.6,0.54
2026-03-20,1.07,0.55,0.54
2026-03-21,0.51,0.52,0.54
2026-03-22,0.79,0.52,0.53
2026-03-23,0.29,0.51,0.53
2026-03-24,0.0,0.49,0.53
2026-03-25,0.0,0.47,0.52
2026-03-26,0.0,0.44,0.52
2026-03-27,0.0,0.42,0.52
2026-03-28,0.0,0.4,0.51
2026-03-29,0.0,0.39,0.51
2026-03-30,0.0,0.38,0.51
2026-03-31,0.0,0.37,0.51
2026-04-01,0.0,0.36,0.51
2026-04-02,0.0,0.35,0.51
2026-04-03,0.0,0.35,0.51
2026-04-04,0.0,0.35,0.51
2026-04-05,0.0,0.35,0.5
2026-04-06,0.0,0.34,0.5
2026-04-07,0.0,0.34,0.5
2026-04-08,0.0,0.34,0.5
2026-04-09,0.0,0.33,0.5
2026-04-10,0.0,0.33,0.5
2026-04-11,0.0,0.33,0.5
2026-04-12,0.0,0.32,0.5
2026-04-13,0.0,0.32,0.5
2026-04-14,0.0,0.32,0.5
2026-04-15,0.0,0.31,0.5
2026-04-16,0.0,0.31,0.5
2026-04-17,17.98,0.5,0.51
2026-04-18,4.3,0.56,0.53
2026-04-19,8.38,0.59,0.54
2026-04-20,1.18,0.53,0.54
2026-04-21,0.11,0.51,0.53
2026-04-22,0.0,0.49,0.53
2026-04-23,0.01,0.48,0.52
2026-04-24,0.17,0.47,0.52
2026-04-25,0.29,0.46,0.51
2026-04-26,1.65,0.47,0.51
2026-04-27,0.96,0.44,0.51
2026-04-28,1.5,0.44,0.51
2026-04-29,2.08,0.44,0.51
2026-04-30,32.05,0.67,0.54
2026-05-01,19.01,0.72,0.6
2026-05-02,1.9,0.62,0.59
2026-05-03,1.53,0.59,0.58
2026-05-04,4.8,0.6,0.57
2026-05-05,2.58,0.59,0.56
2026-05-06,0.51,0.56,0.56
2026-05-07,0.94,0.54,0.55
2026-05-08,4.24,0.55,0.55
2026-05-09,1.34,0.56,0.55
2026-05-10,0.3,0.51,0.54
2026-05-11,1.89,0.52,0.53
2026-05-12,10.2,0.59,0.54
2026-05-13,2.02,0.57,0.55
2026-05-14,6.98,0.59,0.55
2026-05-15,39.09,0.73,0.57
2026-05-16,15.25,0.73,0.63
2026-05-17,0.33,0.63,0.61
2026-05-18,20.01,0.71,0.61
2026-05-19,11.59,0.71,0.62
2026-05-20,1.66,0.66,0.62
2026-05-21,6.34,0.67,0.62
2026-05-22,3.19,0.63,0.6
2026-05-23,0.43,0.62,0.6
2026-05-24,1.43,0.6,0.59
2026-05-25,3.53,0.61,0.58
2026-05-26,0.25,0.58,0.57
2026-05-27,0.14,0.56,0.56
2026-05-28,0.53,0.55,0.56
2026-05-29,19.91,0.64,0.56
2026-05-30,22.17,0.74,0.62
2026-05-31,7.79,0.68,0.61
2026-06-01,4.21,0.65,0.61
2026-06-02,0.91,0.62,0.6
2026-06-03,0.7,0.6,0.59
2026-06-04,5.69,0.63,0.58
2026-06-05,1.44,0.61,0.58
2026-06-06,0.15,0.58,0.57
2026-06-07,0.03,0.56,0.57
2026-06-08,2.24,0.57,0.56
2026-06-09,5.84,0.61,0.56
2026-06-10,13.72,0.65,0.57
2026-06-11,47.63,0.84,0.64
2026-06-12,15.66,0.77,0.68
2026-06-13,0.08,0.67,0.66
2026-06-14,5.57,0.67,0.64
2026-06-15,0.55,0.65,0.63
2026-06-16,0.59,0.63,0.61
2026-06-17,0.27,0.61,0.6
2026-06-18,0.19,0.6,0.59
2026-06-19,0.5,0.6,0.59
2026-06-20,0.47,0.6,0.58
2026-06-21,0.5,0.59,0.58
2026-06-22,0.31,0.58,0.57
2026-06-23,0.0,0.56,0.57
2026-06-24,1.39,0.56,0.56
2026-06-25,8.98,0.64,0.57
2026-06-26,0.13,0.58,0.57
2026-06-27,0.85,0.56,0.56
2026-06-28,1.3,0.57,0.56
2026-06-29,1.14,0.56,0.56
2026-06-30,10.15,0.63,0.56
2026-07-01,3.67,0.62,0.57
2026-07-02,5.32,0.63,0.58
2026-07-03,5.81,0.64,0.58
2026-07-04,3.23,0.62,0.58
2026-07-05,4.48,0.63,0.58
2026-07-06,32.69,0.77,0.61
2026-07-07,6.5,0.71,0.65
2026-07-08,0.91,0.64,0.63
2026-07-09,0.12,0.63,0.61
2026-07-10,1.16,0.61,0.6
2026-07-11,2.44,0.61,0.59
2026-07-12,0.72,0.6,0.59
2026-07-13,3.68,0.6,0.58
2026-07-14,14.4,0.69,0.59
2026-07-15,3.34,0.64,0.6
2026-07-16,6.31,0.65,0.6
2026-07-17,3.95,0.64,0.6
2026-07-18,1.36,0.62,0.6
2026-07-19,0.06,0.59,0.58
2026-07-20,0.04,0.57,0.57
2026-07-21,0.32,0.56,0.56
2026-07-22,6.21,0.59,0.56
2026-07-23,5.72,0.63,0.57
2026-07-24,3.36,0.58,0.57
2026-07-25,15.16,0.65,0.57
2026-07-26,13.06,0.72,0.61
2026-07-27,3.95,0.65,0.61
2026-07-28,10.53,0.68,0.61
2026-07-29,5.18,0.67,0.62
2026-07-30,8.04,0.7,0.62
2026-07-31,8.25,0.69,0.62
2026-08-01,9.26,0.81,0.78
2026-08-02,9.41,0.81,0.78
2026-08-03,8.2,0.8,0.78
2026-08-04,17.56,0.83,0.79
2026-08-05,13.24,0.82,0.79
2026-08-06,9.11,0.82,0.79
2026-08-07,8.69,0.82,0.79
2026-08-08,12.63,0.82,0.79
2026-08-09,1.65,0.81,0.79
2026-08-10,6.64,0.81,0.79
2026-08-11,2.63,0.81,0.79
2026-08-12,4.2,0.81,0.79
2026-08-13,9.35,0.82,0.79
2026-08-14,6.14,0.81,0.79
2026-08-15,6.91,0.82,0.79
2026-08-16,3.22,0.81,0.79
2026-08-17,5.14,0.81,0.79
2026-08-18,4.8,0.81,0.79
2026-08-19,7.3,0.82,0.79
2026-08-20,14.71,0.83,0.8
2026-08-21,9.68,0.83,0.8
2026-08-22,0.83,0.82,0.8
2026-08-23,8.39,0.82,0.79
2026-08-24,3.67,0.82,0.8
2026-08-25,5.56,0.82,0.79
2026-08-26,13.87,0.83,0.79
2026-08-27,10.17,0.83,0.8
2026-08-28,6.9,0.83,0.8
2026-08-29,6.99,0.82,0.8
2026-08-30,9.35,0.83,0.8
2026-08-31,4.93,0.83,0.8
2026-09-01,5.71,0.82,0.8
2026-09-02,3.48,0.82,0.8
2026-09-03,2.79,0.82,0.8
2026-09-04,14.34,0.84,0.8
2026-09-05,6.1,0.83,0.81
2026-09-06,3.75,0.82,0.8
2026-09-07,7.38,0.83,0.8
2026-09-08,7.75,0.83,0.8
2026-09-09,5.73,0.82,0.8
